recruit,ranking,high.school,position,score,year
Josh Jackson,1,"Justin-Siena (Detroit, MI)",SG,102,2016
Lonzo Ball,2,"Chino Hills (Chino, CA)",PG,101,2016
Harry Giles,3,"Oak Hill Academy (Winston Salem, NC)",PF,100,2016
Markelle Fultz,4,"DeMatha Catholic (Hyattsville, MD)",CG,100,2016
Frank Jackson,5,"Lone Peak (American Fork, UT)",PG,100,2016
De'Aaron Fox,6,"Cy Lakes (Katy, TX)",PG,99,2016
Dennis Smith Jr.,7,"Trinity Christian School (Fayetteville, NC)",PG,99,2016
Jayson Tatum,8,"Chaminade (St. Louis, MO)",SF,99,2016
Jonathan Isaac,9,"IMG Academy (Hollywood, FL)",SF,99,2016
Malik Monk,10,"Bentonville (Lepanto, AR)",CG,99,2016
Miles Bridges,11,"Huntington Expression Prep (Huntington, WV)",SF,99,2016
Bam Adebayo,12,"High Point Christian Academy (Pinetown, NC)",PF,99,2016
Thon Maker,13,Athlete Institute Basketball Academy (),PF,99,2016
Wenyen Gabriel,14,"Wilbraham & Monson Academy (Wilbraham, MA)",PF,99,2016
Terrance Ferguson,15,"Advanced Preparatory International (Dallas, TX)",SG,99,2016
Lauri Markkanen,16,"International (Paterson, NJ)",PF,98,2016
Jarrett Allen,17,"St. Stephen's Episcopal (Austin, TX)",PF,98,2016
Marques Bolden,18,"DeSoto (DeSoto, TX)",C,98,2016
TJ Leaf,19,"Foothills Christian (El Cajon, CA)",PF,98,2016
Zach Collins,20,"Bishop Gorman (Las Vegas, NV)",C,98,2016
Joshua Langford,21,"Madison Academy (Madison, AL)",SG,98,2016
Dewan Hernandez,22,"Miami Norland (Miami, FL)",PF,98,2016
Bruce Brown,23,"Vermont Academy (Boston, MA)",CG,98,2016
Austin Wiley,24,"Spain Park (Birmingham, AL)",PF,98,2016
Sacha Killeya-Jones,25,"Virginia Episcopal School (Chapel Hill, NC)",PF,98,2016
Omer Yurtseven,26,"Fenerbahce Basketbol Subesi (Istanbul, IS)",C,98,2016
Omari Spellman,27,"MacDuffie School (North Royalton, OH)",C,98,2016
Mustapha Heron,28,"Sacred Heart (Waterbury, CT)",SF,98,2016
Kobi Simmons,29,"St. Francis (Alpharetta, GA)",CG,98,2016
Rawle Alkins,30,"Word Of God Christian Academy (Middle Village, NY)",SG,98,2016
Ty Jerome,31,"Iona Preparatory School (New Rochelle, NY)",PG,97,2016
Alterique Gilbert,32,"Miller Grove (Lithonia, GA)",PG,97,2016
Tony Bradley,33,"Bartow (Bartow, FL)",C,97,2016
V.J. King,34,"Paul VI Catholic (Akron, OH)",SF,97,2016
Cassius Winston,35,"University Of Detroit Jesuit (Detroit, MI)",PG,97,2016
Jay Huff,36,"Voyager Academy (Durham, NC)",PF,97,2016
De'Riante Jenkins,37,"Hargrave Military Academy (Marion, SC)",SF,97,2016
Andrew Jones,38,"MacArthur (Irving, TX)",CG,97,2016
Tyus Battle,39,"Gill St Bernard S School (Edison, NJ)",SG,97,2016
Udoka Azubuike,40,"The Potter's House Christian Academy (Jacksonville, FL)",C,97,2016
Sam Cunliffe,41,"Rainier Beach (Seattle, WA)",SF,96,2016
Jarron Cumberland,42,"Wilmington (Wilmington, OH)",SG,96,2016
Kyle Guy,43,"Lawrence Central (Indianapolis, IN)",CG,96,2016
Markus Howard,44,"Findlay Prep (Gilbert, AZ)",PG,96,2016
Justin Jackson,45,"Findlay Prep (Toronto, ON)",SF,96,2016
Juwan Durham,46,"Tampa Preparatory School (Tampa, FL)",PF,96,2016
Kameron McGusty,47,"Seven Lakes (Katy, TX)",SG,96,2016
De'Ron Davis,48,"Overland (Aurora, CO)",PF,96,2016
Schnider Herard,49,"Prestonwood Christian (Plano, TX)",C,96,2016
Nick Ward,50,"Gahanna Lincoln (Columbus, OH)",PF,95,2016
Jayce Johnson,51,"Santa Monica (Santa Monica, CA)",C,95,2016
Javin DeLaurier,52,"St. Anne's-Belfield School (Charlottesville, VA)",PF,95,2016
Kostas Antetokounmpo,53,"Dominican (Milwaukee, WI)",SF,95,2016
Ted Kapita,54,"DME Academy (Melbourne, FL)",PF,95,2016
Richard Freudenberg,55,"Bayern Munich (Munich, BV)",SF,95,2016
Brandon Robinson,56,"Douglas County (Douglasville, GA)",SG,94,2016
DeJon Jarreau,57,"McDonogh 35 (New Orleans, LA)",CG,94,2016
JJ Caldwell,58,"Cy Woods (Cypress, TX)",PG,94,2016
Seventh Woods,59,"Hammond School (Columbia, SC)",CG,94,2016
Taurean Thompson,60,"Brewster Academy (Wolfeboro, NH)",C,94,2016
Braxton Key,61,"Oak Hill Academy (Mouth Of Wilson, VA)",SF,93,2016
James Banks,62,"La Lumiere School (La Porte, IN)",C,93,2016
Mark Vital,63,"Washington-Marion (Lake Charles, LA)",SF,93,2016
Mario Kegler,64,"Oak Hill Academy (Jackson, MS)",SF,93,2016
Shamorie Ponds,65,"Thomas Jefferson (New York, NY)",CG,93,2016
Trent Forrest,66,"Chipley (Chipley, FL)",SG,93,2016
Killian Tillie,67,"INSEP Paris (Paris, FR)",PF,93,2016
T.J. Gibbs,68,"Seton Hall Prep (West Orange, NJ)",PG,93,2016
Payton Pritchard,69,"West Linn (West Linn, OR)",PG,92,2016
Romello White,70,"Wheeler (Suwanee, GA)",PF,92,2016
Curtis Jones,71,"Huntington Expression Prep (Highland Springs, VA)",CG,92,2016
M.J. Cage,72,"Mater Dei (Santa Ana, CA)",PF,92,2016
Tyree Crump,73,"Bainbridge (Bainbridge, GA)",CG,92,2016
Troy Baxter,74,"The Rock School (Tallahassee, FL)",PF,92,2016
Tyler Cook,75,"Chaminade (St. Louis, MO)",PF,92,2016
Kodye Pugh,76,"Blair Academy (Baltimore, MD)",SF,92,2016
Myles Powell,77,"South Kent School (Trenton, NJ)",PG,92,2016
Brison Gresham,78,"McDonogh 35 (New Orleans, LA)",PF,92,2016
Vance Jackson,79,"St. John Bosco (Pasadena, CA)",SF,92,2016
Matthew Moyer,80,"Gahanna Lincoln (Columbus, OH)",SF,92,2016
Hopkins,81,"(Hopkins, MN)",SG,92,2016
Robert Williams,82,"North Caddo (Oil City, LA)",PF,92,2016
Anthony Cowan,83,"St. John's College (Bowie, MD)",PG,92,2016
Tony Carr,84,"Roman Catholic (Philadelphia, PA)",PG,92,2016
Kevin Huerter,85,"Shenendehowa (Clifton Park, NY)",SG,92,2016
JaQuori McLaughlin,86,"Peninsula (Gig Harbor, WA)",SG,92,2016
Jared Harper,87,"Pebblebrook (Atlanta, GA)",PG,92,2016
Markell Johnson,88,"East Technical (Cleveland, OH)",PG,91,2016
Tyson Jolly,89,"Putnam City West (Oklahoma City, OK)",SG,91,2016
Jaylen Fisher,90,"Bolton (Arlington, TN)",PG,91,2016
Keith Smith,91,"Rainier Beach (Seattle, WA)",SF,91,2016
Lamar Stevens,92,"Roman Catholic (Jenkintown, PA)",SF,91,2016
Zavier Simpson,93,"Lima Senior (Lima, OH)",PG,91,2016
Ike Anigbogu,94,"Centennial (Corona, CA)",C,91,2016
Sedee Keita,95,"Putnam Science Academy (Putnam, CT)",PF,91,2016
Samuel Japhet-Mathias,96,"London Academy (London, EN)",C,91,2016
Jacob Young,97,"Yates (Houston, TX)",PG,91,2016
Deshawn Corprew,98,"Quality Education Academy (Hampton, VA)",SF,91,2016
Brendan Bailey,99,"American Fork (American Fork, UT)",SF,91,2016
Breein Tyree,100,"St Joseph (Metuchen, NJ)",PG,91,2016
Quentin Goodin,101,"Taylor County (Campbellsville, KY)",PG,91,2016
Cameron McGriff,102,"South Grand Prairie (Grand Prairie, TX)",SF,90,2016
D.J. Funderburk,103,"St. Edward (Lakewood, OH)",C,90,2016
Eli Wright,104,"Apollo (Owensboro, KY)",SG,90,2016
Charlie Moore,105,"Morgan Park (Chicago, IL)",PG,90,2016
De'Andre Hunter,106,"Friends' Central School (Philadelphia, PA)",SG,90,2016
Alpha Diallo,107,"Brewster Academy (Wolfeboro, NH)",SF,90,2016
Eric Hester,108,"Oldsmar Christian School (Oldsmar, FL)",SG,90,2016
Mitch Lightfoot,109,"Gilbert Christian (Tucson, AZ)",PF,90,2016
Kwe Parker,110,"Wesleyan Christian (Wade, NC)",PG,90,2016
Skylar Mays,111,"University Lab (Baton Rouge, LA)",CG,90,2016
Rodney Miller,112,"Oak Hill Academy (New York, NY)",C,90,2016
Jonah Mathews,113,"Santa Monica (Santa Monica, CA)",SG,90,2016
Sam Hauser,114,"Stevens Point Area Senior (Stevens Point, WI)",SF,90,2016
Lamar Peters,115,"Landry-Walker (New Orleans, LA)",PG,90,2016
Jacob Larsen,116,"SISU (Copenhagen, DN)",PF,90,2016
John Mooney,117,"Lake Brantley (Altamonte Springs, FL)",PF,90,2016
Tyson Carter,118,"Starkville (Starkville, MS)",SG,90,2016
DeAndre Williams,119,"Klein Forest (Houston, TX)",SF,90,2016
Josh Hall,120,"Genesis Academy (Lynchburg, VA)",SF,90,2016
Harry Froling,121,"Australian Institute of Sport (Canberra, SW)",C,90,2016
Cameron Lard,122,"Natchitoches Central (Natchitoches, LA)",PF,90,2016
Austin Davis,123,"Onsted Community (Onsted, MI)",C,90,2016
Donte Fitzpatrick,124,"Elev8 Sports Institute (Memphis, TN)",SG,90,2016
Seth Towns,125,"Northland (Columbus, OH)",SF,89,2016
Jethro Tshisumpa,126,"Mountain Mission School (Grundy, VA)",C,89,2016
Payton Willis,127,"Fayetteville (Fayetteville, AR)",PG,89,2016
Maliek White,128,"George Wythe (Richmond, VA)",PG,89,2016
Clevon Brown,129,"Churchill (San Antonio, TX)",PF,89,2016
Jakolby Long,130,"Mustang (Mustang, OK)",SG,89,2016
William McDowell-White,131,"Wishart State School (Brisbane, QL)",CG,89,2016
Devearl Ramsey,132,"Sierra Canyon (Chatsworth, CA)",PG,89,2016
Oscar Frayer,133,"Moreau Catholic (Hayward, CA)",SF,89,2016
Quentin Jackson,134,"Carlisle School (Raleigh, NC)",CG,89,2016
Koby McEwen,135,"Wasatch Academy (Mount Pleasant, UT)",PG,89,2016
Rui Hachimura,136,"Meisei (Tokyo, JP)",SF,89,2016
Solomon Young,137,"Sacramento (Sacramento, CA)",PF,89,2016
Tyrique Jones,138,"Vermont Academy (Saxtons River, VT)",PF,89,2016
Carsen Edwards,139,"Atascocita (Humble, TX)",PG,89,2016
Zach Norvell Jr.,140,"Simeon (Chicago, IL)",SG,89,2016
Joey Brunk,141,"Southport (Indianapolis, IN)",C,89,2016
Mamadou Diarra,142,"Putnam Science Academy (Putnam, CT)",PF,89,2016
Gavin Baxter,143,"Timpview (Provo, UT)",SF,89,2016
Eron Gordon,144,"North Central (Indianapolis, IN)",SG,89,2016
Eric Curry,145,"Southwest Christian Academy (Little Rock, AR)",PF,89,2016
Kristian Doolittle,146,"Edmond Memorial (Edmond, OK)",SF,89,2016
Jon Teske,147,"Medina (Medina, OH)",C,89,2016
Nate Morris,148,"Lancaster (Lancaster, TX)",C,89,2016
De'Monte Buckingham,149,"Henrico (Richmond, VA)",SG,89,2016
Cameron Satterwhite,150,"Gilbert Christian (Gilbert, AZ)",SG,89,2016
Marvin Bagley,1,"Sierra Canyon (Tempe, AZ)",PF,100,2017
Michael Porter,2,"Nathan Hale (Seattle, WA)",SF,100,2017
Mohamed Bamba,3,"Westtown School (New York, NY)",PF,100,2017
Collin Sexton,4,"Pebblebrook (Mableton, GA)",PG,100,2017
Deandre Ayton,5,"Hillcrest Prep (Phoenix, AZ)",PF,100,2017
Mitchell Robinson,6,"Chalmette (Chalmette, LA)",C,100,2017
Trevon Duval,7,"IMG Academy (Bradenton, FL)",PG,99,2017
Jaren Jackson,8,"La Lumiere School (La Porte, IN)",PF,99,2017
Jarred Vanderbilt,9,"Victory Prep (Bellaire, TX)",SF,99,2017
Wendell Carter,10,"Pace Academy (Atlanta, GA)",PF,99,2017
Hamidou Diallo,11,"Putnam Science Academy (Queens Village, NY)",SG,99,2017
Troy Brown,12,"Centennial (Las Vegas, NV)",SF,99,2017
Brian Bowen,13,"La Lumiere School (La Porte, IN)",SF,99,2017
Lonnie Walker,14,"Reading (Reading, PA)",SG,99,2017
Nick Richards,15,"St. Patrick (Manhasset, NY)",C,98,2017
Brandon McCoy,16,"Cathedral Catholic (San Diego, CA)",PF,98,2017
Gary Trent Jr.,17,"Prolific Prep (Napa, CA)",SG,98,2017
Kevin Knox,18,"Tampa Catholic (Tampa, FL)",SF,98,2017
PJ Washington,19,"Findlay Prep (Dallas, TX)",PF,98,2017
Shai Gilgeous-Alexander,20,"Hamilton Heights Christian Academy (Chattanooga, TN)",CG,98,2017
Jaylen Hands,21,"Mater Dei Catholic (Chula Vista, CA)",PG,98,2017
Billy Preston,22,"Oak Hill Academy (Mouth Of Wilson, VA)",PF,98,2017
Kris Wilkes,23,"North Central (Indianapolis, IN)",SF,98,2017
Nick Weatherspoon,24,"Velma Jackson (Camden, MS)",PG,98,2017
Ethan Thompson,25,"Bishop Montgomery (Torrance, CA)",SG,98,2017
Jontay Porter,26,"Nathan Hale (Seattle, WA)",PF,98,2017
Brandon Randolph,27,"Westtown School (Yonkers, NY)",SG,98,2017
Emmanuel Akot,28,"Wasatch Academy (Mount Pleasant, UT)",SF,98,2017
Charles O'Bannon Jr.,29,"Bishop Gorman (Las Vegas, NV)",SG,98,2017
Trae Young,30,"Norman North (Norman, OK)",PG,98,2017
Malik Williams,31,"Snider (Fort Wayne, IN)",C,98,2017
Paul Scruggs,32,"Southport (Indianapolis, IN)",PG,98,2017
Quade Green,33,"Neumann Goretti (Philadelphia, PA)",PG,97,2017
John Petty,34,"Mae Jemison (Huntsville, AL)",SG,97,2017
M.J. Walker,35,"Jonesboro (Lithia Springs, GA)",SG,97,2017
Jericho Sims,36,"Cristo Rey Jesuit (Minneapolis, MN)",PF,97,2017
Nickeil Alexander-Walker,37,"Hamilton Heights Christian Academy (Toronto, ON)",SG,97,2017
Jalek Felton,38,"Gray Academy (Mullins, SC)",CG,97,2017
Chaundee Brown,39,"The First Academy (Orlando, FL)",SG,97,2017
Jermaine Samuels,40,"The Rivers School (Weston, MA)",SF,97,2017
Ira Lee,41,"Prolific Prep (San Pedro, CA)",C,97,2017
Jeremiah Tilmon,42,"East St. Louis (East St. Louis, IL)",PF,97,2017
Silvio De Sousa,43,"IMG Academy (Montverde, FL)",PF,97,2017
Makai Ashton-Langford,44,"Brewster Academy (Worcester, MA)",PG,96,2017
Daniel Gafford,45,"El Dorado (El Dorado, AR)",PF,96,2017
Jordan Goodwin,46,"Althoff Catholic (Belleville, IL)",SG,96,2017
Lindell Wigginton,47,"Oak Hill Academy (Mouth Of Wilson, VA)",PG,96,2017
Oscar da Silva,48,"Germany (Germany, GERM)",PF,96,2017
Jordan Nwora,49,"Vermont Academy (Buffalo, NY)",SF,96,2017
DJ Harvey,50,"DeMatha Catholic (Hyattsville, MD)",SF,96,2017
Marcus Garrett,51,"Dallas Skyline (Dallas, TX)",CG,96,2017
Oshae Brissett,52,"Athlete Institute Basketball Academy (Toronto, ON)",SF,95,2017
Savion Flagg,53,"Alvin (Alvin, TX)",SF,95,2017
Tremont Waters,54,"Notre Dame (New Haven, CT)",PG,95,2017
Jordan Tucker,55,"Wheeler (White Plains, NY)",SF,95,2017
Nate Reuvers,56,"Lakeville North (Lakeville, MN)",PF,95,2017
Rayshaun Hammonds,57,"Norcross (Norcross, GA)",PF,95,2017
Daejon Davis,58,"Garfield (Seattle, WA)",CG,95,2017
Nojel Eastern,59,"Evanston Township (Evanston, IL)",SF,95,2017
Chuma Okeke,60,"Westlake (Fairburn, GA)",SF,95,2017
Kimani Lawrence,61,"New Hampton School (Ashburnham, MA)",SF,95,2017
Hameir Wright,62,"Academy Of The Holy Names Upper School (Albany, NY)",SF,95,2017
Yves Pons,63,"INSEP Paris (Paris, FR)",SF,94,2017
KZ Okpala,64,"Esperanza (Placentia, CA)",SF,94,2017
Isaiah Washington,65,"St. Raymond For Boys (Bronx, NY)",PG,94,2017
Chris Lykes,66,"Gonzaga (Washington, DC)",PG,94,2017
Matt Coleman,67,"Oak Hill Academy (Norfolk, VA)",PG,94,2017
Musa Jallow,68,"Bloomington North (Bloomington, IN)",SF,94,2017
Kellan Grady,69,"Northfield Mount Hermon (West Roxbury, MA)",PG,94,2017
Josh Anderson,70,"Madison Prep Academy (Baton Rouge, LA)",SG,94,2017
Bruno Fernando,71,"IMG Academy (Bradenton, FL)",C,94,2017
Marek Dolezaj,72,"Slovakia (Slovakia, SLOV)",SF,94,2017
Jalen Hill,73,"Centennial (Corona, CA)",PF,94,2017
Cody Riley,74,"Sierra Canyon (Chatsworth, CA)",PF,94,2017
Davion Mitchell,75,"Liberty County (Hinesville, GA)",PG,94,2017
Jaylen Nowell,76,"Garfield (Seattle, WA)",SG,94,2017
Naji Marshall,77,"Eleanor Roosevelt (Greenbelt, MD)",SF,94,2017
Race Thompson,78,"Robbinsdale Armstrong (Minneapolis, MN)",PF,93,2017
Darius Perry,79,"Wheeler (Marietta, GA)",PG,93,2017
Justin Smith,80,"Adlai Stevenson (Lincolnshire, IL)",PF,93,2017
Alex Reese,81,"Pelham (Pelham, AL)",PF,93,2017
LJ Figueroa,82,"West Oaks Academy (Orlando, FL)",SG,93,2017
Ike Obiagu,83,"Greenforest Mccalep Christian Academy (Decatur, GA)",C,93,2017
Lance Thomas,84,"Norcross (Norcross, GA)",PF,93,2017
Xavier Tillman,85,"Grand Rapids Christian (Grand Rapids, MI)",PF,93,2017
Sidney Wilson,86,"Brewster Academy (Bronx, NY)",SF,93,2017
Dhamir Cosby-Roundtree,87,"Neumann Goretti (Philadelphia, PA)",PF,93,2017
Bourama Sidibe,88,"St. Benedict's Prep (Newark, NJ)",PF,93,2017
D'Shawn Schwartz,89,"Sand Creek (Colorado Springs, CO)",SF,93,2017
Jemarl Baker,90,"Eleanor Roosevelt (Los Angeles, CA)",SG,93,2017
Mamadou Doucoure,91,"Our Savior New American School (Centereach, NY)",C,93,2017
Brandon Huffman II,92,"Word Of God Christian Academy (Goldsboro, NC)",C,92,2017
Aamir Simms,93,"Blue Ridge School (Dyke, VA)",SF,92,2017
Ty-Shon Alexander,94,"Concord (Concord, NC)",SG,92,2017
Wabissa Bede,95,"Cushing Academy (Lowell, MA)",PG,92,2017
Kaleb Wesson,96,"Westerville South (Westerville, OH)",C,92,2017
Kenny Wooten,97,"Trinity International Schools (Las Vegas, NV)",PF,92,2017
Jay Jay Chandler,98,"Cinco Ranch (Katy, TX)",SG,92,2017
Jamal Cain,99,"Academy For Business And Technology S (Melvindale, MI)",SF,92,2017
Alex O'Connell,100,"Milton (Alpharetta, GA)",SG,92,2017
Jordan Poole,101,"La Lumiere School (Milwaukee, WI)",SG,92,2017
Blake Harris,102,"Word Of God Christian Academy (Chapel Hill, NC)",PG,92,2017
David Beatty,103,"Imhotep Institute (Philadelphia, PA)",CG,91,2017
Luka Garza,104,"Maret School (Washington, DC)",C,91,2017
Darryl Morsell,105,"Mount Saint Joseph (Baltimore, MD)",CG,91,2017
Lavar Batts,106,"Jay M. Robinson (Concord, NC)",PG,91,2017
Hasahn French,107,"Commonwealth Academy (Middletown, NY)",PF,91,2017
Myles Cale,108,"St. Patrick (Middletown, DE)",SG,91,2017
Saben Lee,109,"Corona del Sol (Tempe, AZ)",PG,91,2017
Keith Williams,110,"Bishop Loughlin Memorial (Brooklyn, NY)",SG,91,2017
Jacob Epperson,111,"La Lumiere School (Australia, AUST)",C,91,2017
Sandro Mamukelashvili,112,"Montverde Academy (Montverde, FL)",PF,91,2017
Herbert Jones,113,"Hale County (Moundville, AL)",SG,91,2017
Nate Watson,114,"Bishop O'Connell (Upper Marlboro, MD)",C,91,2017
Tristan Clark,115,"Converse Judson (Converse, TX)",PF,91,2017
DeAundrae Ballard,116,"Southwest Atlanta Christian Academy (Atlanta, GA)",SF,91,2017
Tyler Bey,117,"Middlebrooks Academy (Los Angeles, CA)",PF,91,2017
Jamorko Pickett,118,"Massanutten Military Academy (Woodstock, VA)",SF,90,2017
Mayan Kiir,119,"Victory Rock Prep (Bradenton, FL)",PF,90,2017
Kevin Samuel,120,"St. Thomas Episcopal School (Houston, TX)",C,90,2017
Kobe King,121,"La Crosse Central (La Crosse, WI)",SG,90,2017
Galen Alexander,122,"Breaux Bridge (Breaux Bridge, LA)",SF,90,2017
Alex Barcello,123,"Corona del Sol (Tempe, AZ)",PG,90,2017
Jack Nunge,124,"Castle (Newburgh, IN)",PF,90,2017
Jase Febres,125,"Westfield (Houston, TX)",SG,90,2017
Mitchell Ballock,126,"Eudora (Eudora, KS)",SG,90,2017
Kyle Young,127,"Jackson (Massillon, OH)",SF,90,2017
Brad Davison,128,"Maple Grove (Osseo, MN)",PG,90,2017
Isaiah Stokes,129,"IMG Academy (Memphis, TN)",PF,90,2017
Devontae Shuler,130,"Oak Hill Academy (Columbia, SC)",SG,90,2017
Davide Moretti,131,"Italy (Italy, ITAL)",CG,90,2017
Theo John,132,"Champlin Park (Champlin, MN)",PF,90,2017
Terrence Lewis,133,"Riverside (Milwaukee, WI)",SF,90,2017
Jordan Usher,134,"Wheeler (Canton, GA)",SG,89,2017
Thomas Allen,135,"Brewster Academy (Garner, NC)",SG,89,2017
Donnie Tillman,136,"Findlay Prep (Henderson, NV)",PF,89,2017
Brandon Knapper,137,"Hargrave Military Academy (Charleston, WV)",PG,89,2017
Sam Waardenburg,138,"New Zealand (Auckland, AC)",PF,89,2017
William Douglas,139,"Christian Brothers (Memphis, TN)",PG,89,2017
RaiQuan Gray,140,"Dillard (Fort Lauderdale, FL)",PF,89,2017
Ejike Obinna,141,"Virginia Academy (Ashburn, VA)",C,89,2017
Remy Martin,142,"Sierra Canyon (Chatsworth, CA)",PG,89,2017
J.P. Moorman,143,"Greensboro Day School (Greensboro, NC)",SF,89,2017
Chris Smith,144,"Huntington Expression Prep (Fort Worth, TX)",SF,89,2017
Garrison Brooks,145,"Auburn (Lafayette, AL)",PF,89,2017
Mark Smith,146,"Edwardsville (Edwardsville, IL)",SG,89,2017
Clifton Moore,147,"Hatboro-Horsham (Horsham, PA)",PF,89,2017
Trent Frazier,148,"Wellington (West Palm Beach, FL)",PG,89,2017
Aaron Wheeler,149,"Brewster Academy (Wolfeboro, NH)",SF,89,2017
Elias Harden,150,"Sandy Creek (Atlanta, GA)",SG,89,2017
RJ Barrett,1,"Montverde Academy (Montverde, FL)",SG,100,2018
Nassir Little,2,"Orlando Christian Prep (Orlando, FL)",SF,100,2018
Cam Reddish,3,"Westtown School (Norristown, PA)",SF,99,2018
Bol Bol,4,"Findlay Prep (Henderson, NV)",C,99,2018
Romeo Langford,5,"New Albany (New Albany, IN)",SG,99,2018
EJ Montgomery,6,"Wheeler (Marietta, GA)",PF,99,2018
Zion Williamson,7,"Spartanburg Day School (Spartanburg, SC)",PF,99,2018
Simisola Shittu,8,"Vermont Academy (Saxtons River, VT)",PF,99,2018
Charles Bassey,9,"Aspire Basketball Academy (Louisville, KY)",C,99,2018
Anfernee Simons,10,"IMG Academy (Bradenton, FL)",CG,99,2018
Darius Garland,11,"Brentwood Academy (Brentwood, TN)",PG,99,2018
Ashton Hagans,12,"Newton (Covington, GA)",PG,99,2018
Quentin Grimes,13,"College Park (The Woodlands, TX)",CG,99,2018
Tre Jones,14,"Apple Valley (Saint Paul, MN)",PG,99,2018
Jalen Smith,15,"Mount Saint Joseph (Baltimore, MD)",C,98,2018
Jordan Brown,16,"Prolific Prep (Napa, CA)",PF,98,2018
Jaylen Hoard,17,"Wesleyan Christian (High Point, NC)",SF,98,2018
Keldon Johnson,18,"Oak Hill Academy (Mouth Of Wilson, VA)",SF,98,2018
Immanuel Quickley,19,"John Carroll School (Bel Air, MD)",PG,98,2018
Andrew Nembhard,20,"Montverde Academy (Thornhill, ON)",PG,98,2018
Devon Dotson,21,"Providence Day School (Charlotte, NC)",PG,98,2018
Naz Reid,22,"Roselle Catholic (Roselle, NJ)",PF,98,2018
Darius Bazley,23,"Princeton (Cincinnati, OH)",SF,98,2018
Louis King,24,"Hudson Catholic (Burlington, NJ)",SF,98,2018
Brandon Williams,25,"Crespi (Encino, CA)",PG,98,2018
Coby White,26,"Greenfield School (Wilson, NC)",SG,98,2018
Kevin Porter Jr.,27,"Rainier Beach (Seattle, WA)",SG,98,2018
Jahvon Quinerly,28,"Hudson Catholic (Jersey City, NJ)",PG,98,2018
Taeshon Cherry,29,"Foothills Christian (El Cajon, CA)",SF,98,2018
Ayo Dosunmu,30,"Morgan Park (Chicago, IL)",CG,98,2018
Emmitt Williams,31,"Oak Ridge (Lehigh Acres, FL)",PF,98,2018
Moses Brown,32,"Archbishop Molloy (Jamaica, NY)",C,97,2018
Luguentz Dort,33,"Athlete Institute Basketball Academy (Mono, ON)",SG,97,2018
Courtney Ramey,34,"Webster Groves (St. Louis, MO)",PG,97,2018
Reggie Perry,35,"Thomasville (Thomasville, GA)",PF,97,2018
Javonte Smart,36,"Scotlandville Magnet (Baton Rouge, LA)",CG,97,2018
Daniel Oturu,37,"Cretin Derham Hall (Saint Paul, MN)",C,97,2018
Tyler Herro,38,"Whitnall (Milwaukee, WI)",SG,97,2018
Kira Lewis,39,"Hazel Green (Meridianville, AL)",PG,97,2018
David McCormack,40,"Oak Hill Academy (Norfolk, VA)",C,97,2018
Gerald Liddell,41,"Cibolo Steele (Cibolo, TX)",SF,97,2018
Ignas Brazdeikis,42,"Orangeville Prep (Mono, ON)",SF,97,2018
Joey Baker,43,"Trinity Christian School (Fayetteville, NC)",SF,97,2018
Elijah Weaver,44,"Rockledge (Southwest Brevard Cnty, FL)",CG,96,2018
A.J. Reeves,45,"Brimmer And May School (Chestnut Hill, MA)",SG,96,2018
Aaron Nesmith,46,"Porter Gaud School (Charleston, SC)",SG,96,2018
Aaron Wiggins,47,"Wesleyan Christian (High Point, NC)",SG,96,2018
Brandon Slater,48,"Paul VI Catholic (Fairfax, VA)",SF,96,2018
A.J. Lawson,49,"GTA Prep (Mississauga, ON)",CG,96,2018
Joey Hauser,50,"Stevens Point Area Senior (Stevens Point, WI)",PF,96,2018
Jerome Hunter,51,"Pickerington North (Pickerington, OH)",PF,96,2018
Shareef O'Neal,52,"Crossroads School (Los Angeles, CA)",PF,96,2018
Kamaka Hepa,53,"Jefferson (Portland, OR)",PF,96,2018
Francis Okoro,54,"Normal Community West (Normal, IL)",C,96,2018
Joe Wieskamp,55,"Muscatine (Muscatine, IA)",SG,95,2018
Robert Woodard,56,"Columbus (Columbus, MS)",SF,95,2018
David Duke,57,"Cushing Academy (Providence, RI)",CG,95,2018
Cole Swider,58,"St. Andrew's (Barrington, RI)",PF,95,2018
Will Richardson,59,"Oak Hill Academy (Midway, GA)",SG,95,2018
Michael Devoe,60,"Montverde Academy (Orlando, FL)",PG,95,2018
Cormac Ryan,61,"Milton Academy (NEW YORK CITY, NY)",CG,95,2018
Elias Valtonen,62,"Helsinki Basketball Academy (Finland, FINL)",SG,95,2018
Jules Bernard,63,"Windward School (Los Angeles, CA)",SG,95,2018
Khavon Moore,64,"Westside (Macon, GA)",SF,94,2018
Talen Horton-Tucker,65,"Simeon (Chicago, IL)",SF,94,2018
David Singleton,66,"Bishop Montgomery (Torrance, CA)",SG,94,2018
Devonaire Doutrive,67,"Birmingham (Van Nuys, CA)",SG,94,2018
Landers Nolley,68,"Langston Hughes (Fairburn, GA)",SF,94,2018
Miles Norris,69,"Brewster Academy (Wolfeboro, NH)",PF,94,2018
Darius Days,70,"The Rock School (Gainesville, FL)",PF,94,2018
Eric Ayala,71,"IMG Academy (Bradenton, FL)",CG,94,2018
Noah Kirkwood,72,"Northfield Mount Hermon (Northfield, MA)",CG,94,2018
Filip Petrusev,73,"Montverde Academy (Montverde, FL)",C,94,2018
Jairus Hamilton,74,Cannon School (),SF,94,2018
Marcus Bingham Jr.,75,"Catholic Central (Grand Rapids, MI)",PF,94,2018
Prentiss Hubb,76,Gonzaga (),SG,93,2018
Jermaine Harris,77,"Capitol Christian Academy (Upper Marlboro, MD)",C,93,2018
Nate Laszewski,78,"Northfield Mount Hermon (Northfield, MA)",PF,93,2018
Carte'Are Gordon,79,"Webster Groves (St. Louis, MO)",C,93,2018
AJ Green,80,"Cedar Falls (Cedar Falls, IA)",PG,93,2018
Jalen Carey,81,"Immaculate Conception (NEW YORK CITY, NY)",CG,93,2018
Keyontae Johnson,82,"Oak Hill (Oak Hill, WV)",SF,93,2018
Jaiden Delaire,83,"The Loomis Chaffee School (Granby, CT)",PF,93,2018
Leaky Black,84,"Cox Mill (Concord, NC)",SF,93,2018
Matt Bradley,85,"San Bernardino (San Bernardino, CA)",SF,93,2018
Miller Kopp,86,"Houston Christian (Houston, TX)",SF,93,2018
Tyger Campbell,87,"La Lumiere School (La Porte, IN)",PG,93,2018
Jared Butler,88,"Riverside Academy (Reserve, LA)",PG,93,2018
Myreon Jones,89,"Lincoln Academy (Suwanee, GA)",CG,93,2018
Robby Carmody,90,"Mars Area (Mars, PA)",SG,93,2018
Colin Castleton,91,"Father Lopez Catholic (Daytona Beach, FL)",C,93,2018
Matthew Mayer,92,"Austin Westlake (Austin, TX)",SF,92,2018
J'Raan Brooks,93,"Garfield (Seattle, WA)",PF,92,2018
Samson Froling,94,"Australian Institute of Sport (Canberra, SW)",PF,92,2018
Matthias Tass,95,"Tallinna Reaalkool (Estonia, ESTO)",C,92,2018
Derek Culver,96,"Brewster Academy (Wolfeboro, NH)",C,92,2018
Brandon Johns,97,"East Lansing (East Lansing, MI)",PF,92,2018
Josh LeBlanc,98,"Madison Prep Academy (Baton Rouge, LA)",PF,92,2018
Kaden Archie,99,"Midlothian (Midlothian, TX)",SF,92,2018
Damezi Anderson,100,"Riley (South Bend, IN)",SF,92,2018
Timmy Allen,101,"Red Mountain (Mesa, AZ)",SF,92,2018
Tevian Jones,102,"Culver City (Culver City, CA)",SF,91,2018
Zion Griffin,103,"Hinsdale South (Darien, IL)",SF,91,2018
Dalano Banton,104,"Redemption Christian Academy (Troy, NY)",PG,91,2018
Bryce Hamilton,105,"Pasadena (Pasadena, CA)",SG,91,2018
Luther Muhammad,106,"Hudson Catholic (Jersey City, NJ)",SG,91,2018
Noah Locke,107,"McDonogh School (Owings Mills, MD)",SG,91,2018
Saddiq Bey,108,"Sidwell Friends School (Washington, DC)",SF,91,2018
Trey McGowens,109,"Hargrave Military Academy (Chatham, VA)",CG,91,2018
Aaron Henry,110,"Ben Davis (Indianapolis, IN)",SF,91,2018
Isaiah Mucius,111,"Brewster Academy (FAR ROCKAWAY, NY)",SF,91,2018
Montez Mathis,112,"John Carroll School (Essex, MD)",SG,91,2018
Ian Steere,113,"Northwood Temple Academy (High Point, NC)",C,91,2018
Manny Bates,114,"Northwood Temple Academy (Fayetteville, NC)",C,91,2018
Bryce Wills,115,"Iona Preparatory School (New Rochelle, NY)",SG,91,2018
Nate Hinton,116,"Gaston Day School Inc (Gastonia, NC)",SG,91,2018
Jaelin Llewellyn,117,"Virginia Episcopal School (Mono, ON)",PG,91,2018
Robert Phinisee,118,"Mccutcheon (Lafayette, IN)",PG,91,2018
James Akinjo,119,"Salesian (Richmond, CA)",PG,91,2018
Uros Plavsic,120,"Hamilton Heights Christian Academy (Serbia, SERB)",C,91,2018
Marcus Zegarowski,121,"Tilton School (HAMILTON, MA)",CG,90,2018
Amanze Ngumezi,122,"Johnson (Savannah, GA)",PF,90,2018
Jericole Hellems,123,"Chaminade (St. Louis, MO)",SF,90,2018
Antwann Jones,124,"Oak Ridge (Orlando, FL)",SG,90,2018
Jared Rhoden,125,"Our Saviour Lutheran School (Bronx, NY)",SG,90,2018
Dane Goodwin,126,"Upper Arlington (Columbus, OH)",SG,90,2018
Keyshawn Embery,127,"IMG Academy (Bradenton, FL)",PG,90,2018
Tyler Harris,128,"Cordova (Memphis, TN)",PG,90,2018
Jaxson Hayes,129,"Archbishop Moeller (Cincinnati, OH)",PF,90,2018
Jimmy Nichols,130,"Conway (Conway, SC)",PF,90,2018
Jamal Bieniemy,131,"Katy Tompkins (Katy, TX)",PG,90,2018
Gabe Kalscheur,132,"De La Salle (Minneapolis, MN)",SG,90,2018
Dwayne Cohill,133,"Holy Name (Cleveland, OH)",CG,90,2018
Pete Nance,134,"Revere (Richfield, OH)",PF,90,2018
Jake Walter,135,"Covington Catholic (Alexandria, KY)",C,90,2018
Tyrese Martin,136,"Massanutten Military Academy (Allentown, PA)",SF,90,2018
Jacobi Gordon,137,"Fallbrook College Preparatory Academy (Houston, TX)",SF,90,2018
Gabe Brown,138,"Belleville (Belleville, MI)",SF,90,2018
Nelson Phillips,139,"Warner Robins (Warner Robins, GA)",SG,90,2018
Jake Forrester,140,"Westtown School (Harrisburg, PA)",PF,90,2018
Eric Hunter,141,"Charles A Tindley Accelerated Sch (Indianapolis, IN)",SG,90,2018
Jeenathan Williams,142,"Prolific Prep (Rochester, NY)",SG,90,2018
Logan Johnson,143,"St. Francis (Mountain View, CA)",PG,90,2018
Feron Hunt,144,"DeSoto (DeSoto, TX)",SF,90,2018
Jamal Bey,145,"Bishop Gorman (Las Vegas, NV)",SF,90,2018
Omar Thielemans,146,"Gistel Oostende (Belgium, BELG)",SF,90,2018
Elijah Hardy,147,"Bishop O'Dowd (Oakland, CA)",PG,90,2018
Francisco Caffaro,148,"Argentina (Argentina, ARGE)",C,90,2018
Both Gach,149,"Compass Prep (Chandler, AZ)",SF,90,2018
Luis Rodriguez,150,"Woodstock Academy (Woodstock, CT)",SF,90,2018
Anthony Edwards,1,"Holy Spirit Preparatory School (Atlanta, GA)",SG,100,2019
James Wiseman,2,"Memphis East (Memphis, TN)",C,100,2019
Cole Anthony,3,"Oak Hill Academy (Mouth Of Wilson, VA)",CG,100,2019
Isaiah Stewart,4,"La Lumiere School (La Porte, IN)",C,99,2019
RJ Hampton,5,"Little Elm (Little Elm, TX)",CG,99,2019
Vernon Carey,6,"University School (Fort Lauderdale, FL)",C,99,2019
Scottie Lewis,7,"Ranney School (Eatontown, NJ)",SF,99,2019
Nico Mannion,8,"Pinnacle (Phoenix, AZ)",PG,99,2019
Precious Achiuwa,9,"Montverde Academy (Montverde, FL)",SF,99,2019
Tyrese Maxey,10,"South Garland (Garland, TX)",CG,99,2019
Kahlil Whitney,11,"Roselle Catholic (Roselle, NJ)",SF,99,2019
Tre Mann,12,"The Villages Charter (The Villages, FL)",PG,99,2019
Jaden McDaniels,13,"Federal Way (Federal Way, WA)",PF,99,2019
Keion Brooks,14,"La Lumiere School (Fort Wayne, IN)",SF,99,2019
N'Faly Dante,15,"Sunrise Christian Academy (Wichita, KS)",C,99,2019
Samuell Williamson,16,"Rockwall (Rockwall, TX)",SF,99,2019
Matthew Hurt,17,"John Marshall Senior (Rochester, MN)",PF,98,2019
Josh Green,18,"IMG Academy (Bradenton, FL)",SF,98,2019
Jeremiah Robinson-Earl,19,"IMG Academy (Bradenton, FL)",PF,98,2019
Trendon Watford,20,"Mountain Brook (Birmingham, AL)",PF,98,2019
Bryan Antoine,21,"Ranney School (Eatontown, NJ)",SG,98,2019
Akok Akok,22,"Putnam Science Academy (Putnam, CT)",PF,98,2019
Oscar Tshiebwe,23,"Kennedy Catholic (Hermitage, PA)",C,98,2019
Isaiah Mobley,24,"Rancho Christian (Temecula, CA)",PF,98,2019
C.J. Walker,25,"Oak Ridge (Orlando, FL)",PF,97,2019
LaMelo Ball,26,"SPIRE Academy (Chino, CA)",PG,97,2019
Onyeka Okongwu,27,"Chino Hills (Chino, CA)",C,97,2019
Trayce Jackson-Davis,28,"Center Grove (Greenwood, IN)",C,97,2019
Josiah-Jordan James,29,"Porter-Gaud School (Charleston, SC)",CG,97,2019
Patrick Williams,30,"West Charlotte (Charlotte, NC)",SF,97,2019
Johnny Juzang,31,"Harvard Westlake (Studio City, CA)",SF,97,2019
DJ Carton,32,"Bettendorf (Bettendorf, IA)",PG,97,2019
Boogie Ellis,33,"Mission Bay (San Diego, CA)",CG,97,2019
Armando Bacot,34,"IMG Academy (Bradenton, FL)",C,97,2019
Cassius Stanley,35,"Sierra Canyon (Chatsworth, CA)",SG,97,2019
Will Baker,36,"Austin Westlake (Austin, TX)",C,97,2019
Isaac Okoro,37,"McEachern (Powder Springs, GA)",SF,97,2019
Wendell Moore,38,"Cox Mill (Concord, NC)",SF,97,2019
Rocket Watts,39,"SPIRE Academy (Geneva, OH)",CG,97,2019
Hopkins,40,"(Hopkins, MN)",PF,97,2019
Anton Watson,41,"Gonzaga Prep School (Spokane, WA)",SF,97,2019
Jahmi'us Ramsey,42,"Duncanville (Mansfield, TX)",CG,97,2019
Franz Wagner,43,"Germany (Germany, GERM)",SF,97,2019
Jalen Lecque,44,"Brewster Academy (Wolfeboro, NH)",CG,97,2019
Martynas Arlauskas,45,"Lithuania (Lithuania, LITH)",SF,96,2019
Jalen Wilson,46,"Denton Guyer (Denton, TX)",SF,96,2019
Pavel Zakharov,47,"Montverde Academy (Montverde, FL)",C,96,2019
Omar Payne,48,"Montverde Academy (Montverde, FL)",C,96,2019
Kai Jones,49,"Brewster Academy (Wolfeboro, NH)",C,96,2019
Casey Morsell,50,"St. John's College (Washington, DC)",SG,96,2019
Lester Quinones,51,"IMG Academy (Bradenton, FL)",SG,96,2019
De'Vion Harmon,52,"Denton Guyer (Denton, TX)",PG,96,2019
James Bouknight,53,"MacDuffie School (Granby, MA)",SG,96,2019
Kofi Cockburn,54,"Oak Hill Academy (Mouth Of Wilson, VA)",C,96,2019
Tristan Enaruna,55,"Wasatch Academy (Netherlands, NETH)",SF,96,2019
Addison Patterson,56,"Bella Vista Prep (Mississauga, ON)",SG,96,2019
Drew Timme,57,"Pearce (Richardson, TX)",C,96,2019
Justin Moore,58,"DeMatha Catholic (Hyattsville, MD)",SG,96,2019
Robbie Beran,59,"Collegiate School (Richmond, VA)",PF,96,2019
EJ Liddell,60,"Belleville West (Belleville, IL)",PF,96,2019
Santiago Aldama,61,"Spain (Spain, SPAI)",PF,96,2019
Aidan Igiehon,62,"Lawrence Woodmere Academy (Brooklyn, NY)",C,96,2019
Alonzo Gaffney,63,"Brewster Academy (Cleveland, OH)",SF,96,2019
Nah'shon Hyland,64,"St. Georges Tech (Middletown, DE)",PG,95,2019
Max Agbonkpolo,65,"Santa Margarita Catholic (Rancho Santa Margarita, CA)",SF,95,2019
Oumar Ballo,66,"NBA Academy Latin America (Mali, MALI)",C,95,2019
Anthony Harris,67,"Paul VI Catholic (Fairfax, VA)",CG,95,2019
David Johnson,68,"Trinity (Louisville, KY)",CG,95,2019
Harlond Beverly,69,"Montverde Academy (Montverde, FL)",CG,95,2019
Zach Harvey,70,"Prolific Prep (Topeka, KS)",SG,95,2019
Donovan Williams,71,"Fort Bend Elkins (Missouri City, TX)",SG,95,2019
Quincy Guerrier,72,"Thetford Academy (Quebec City, QC)",SF,95,2019
Romeo Weems,73,"New Haven (New Haven, MI)",PF,95,2019
Cole Bajema,74,"Lynden Christian School (Lynden, WA)",SF,95,2019
Eric Dixon,75,"Abington (Abington, PA)",PF,95,2019
Malik Hall,76,"Sunrise Christian Academy (Wichita, KS)",PF,94,2019
Terry Armstrong,77,"Bella Vista Prep (Scottsdale, AZ)",SG,94,2019
Tyrell Terry,78,"De La Salle (Minneapolis, MN)",PG,94,2019
Santiago Vescovi,79,"NBA Global Academy (Uruguay, URUG)",PG,94,2019
Kadin Shedrick,80,"Holly Springs (Holly Springs, NC)",C,94,2019
DJ Jeffries,81,"Olive Branch (Olive Branch, MS)",PF,94,2019
KyKy Tandy,82,"University Heights Academy (Hopkinsville, KY)",CG,94,2019
Marcus Watson,83,"Buford (Buford, GA)",SG,94,2019
Jalen Bridges,84,"Fairmont (Fairmont, WV)",SF,94,2019
P.J. Fuller,85,"Findlay Prep (Seattle, WA)",SG,94,2019
Greg Gantt,86,"Trinity Christian School (Fayetteville, NC)",SF,94,2019
Christian Brown,87,"Oak Hill Academy (Mouth Of Wilson, VA)",SF,93,2019
Isaiah Wong,88,"Monsignor Bonner (Lawrenceville, NJ)",CG,93,2019
Cashius McNeilly,89,"Thornlea Secondary School (Thornhill, ON)",SG,93,2019
RaeQuan Battle,90,"Marysville Pilchuck (Marysville, WA)",SG,93,2019
Makhi Mitchell,91,"Jackson-Reed (Washington, DC)",C,93,2019
Rylan Jones,92,"Olympus (Logan, UT)",PG,93,2019
Balsa Koprivica,93,"Montverde Academy (Montverde, FL)",C,93,2019
Isaac Johnson,94,"American Fork (American Fork, UT)",C,93,2019
Symir Torrence,95,"Vermont Academy (Syracuse, NY)",CG,93,2019
Christian Koloko,96,"Sierra Canyon (Chatsworth, CA)",C,92,2019
Dereon Seabron,97,"Massanutten Military Academy (Woodstock, VA)",CG,92,2019
Carver,98,"(Montgomery, AL)",SF,92,2019
Dontaie Allen,99,"Pendleton County (Falmouth, KY)",SF,92,2019
Jaime Jaquez,100,"Adolfo Camarillo (Camarillo, CA)",SF,92,2019
Damion Baugh,101,"Tennessee Preparatory Academy (Memphis, TN)",CG,92,2019
Dajuan Harris,102,"Rock Bridge (Columbia, MO)",PG,92,2019
Brock Ravet,103,"Kittitas (Mabton, WA)",CG,92,2019
Jordan Rawls,104,"Hamilton Heights Christian Academy (Chattanooga, TN)",PG,92,2019
Chandler Lawson,105,"Wooddale (Memphis, TN)",PF,92,2019
Isaiah Ihnen,106,"Germany (Germany, GERM)",PF,92,2019
Tre Mitchell,107,"Woodstock Academy (Pittsburgh, PA)",C,91,2019
Zach Freemantle,108,"Bergen Catholic (Oradell, NJ)",C,91,2019
Raymond Hawkins,109,"Findlay Prep (Oakland, CA)",C,91,2019
Jaylin Williams,110,"Brantley County (Nahunta, GA)",PF,91,2019
Jaelen House,111,"Shadow Mountain (Phoenix, AZ)",PG,91,2019
Avery Anderson III,112,"Northwest (Justin, TX)",CG,91,2019
Francisco Farabello,113,"NBA Global Academy (Australia, AUST)",PG,91,2019
Tray Jackson,114,"Sunrise Christian Academy (Detroit, MI)",PF,91,2019
Tre Williams,115,"Wasatch Academy (Mount Pleasant, UT)",SG,91,2019
Keeshawn Barthelemy,116,"Thornlea Secondary School (Thornhill, ON)",PG,91,2019
Tyrell Jones,117,"West Oaks Academy (Orlando, FL)",CG,91,2019
Dahmir Bishop,118,"Imhotep Institute (Philadelphia, PA)",SG,91,2019
Chris Harris Jr.,119,"South Garland (Garland, TX)",SG,91,2019
Austin Crowley,120,"Sunrise Christian Academy (Wichita, KS)",SG,91,2019
Juwan Gary,121,"Gray Academy (Columbia, SC)",SF,91,2019
Tyrese Samuel,122,"Orangeville Prep (Mono, ON)",PF,91,2019
Dylan Disu,123,"Hendrickson (Pflugerville, TX)",PF,91,2019
Qudus Wahab,124,"Flint Hill School (Ashburn, VA)",C,91,2019
Patrick McCaffery,125,"Iowa City West (Iowa City, IA)",SF,91,2019
Victor Iwuakor,126,"Sulphur Springs (Sulphur Springs, TX)",C,91,2019
Terrence Shannon Jr.,127,"IMG Academy (Bradenton, FL)",SF,91,2019
Toumani Camara,128,"Chaminade-Madonna (Belgium, BELG)",SF,91,2019
D.J. Thorpe,129,"Lake Travis (Austin, TX)",C,91,2019
Samari Curtis,130,"Xenia (Xenia, OH)",SG,91,2019
Diante Smith,131,"Choctawhatchee (Fort Walton Beach, FL)",SF,90,2019
Elias King,132,"Lincoln Academy (Snellville, GA)",SF,90,2019
Jalen Gaffney,133,"Westtown School (Columbus, NJ)",CG,90,2019
Jesse Edwards,134,"IMG Academy (Netherlands, NETH)",C,90,2019
Kevin McCullar,135,"Wagner (San Antonio, TX)",SF,90,2019
Joel Brown,136,"Brewster Academy (Canada, CANA)",PG,90,2019
Khalif Battle,137,"Trenton Catholic School (Metuchen, NJ)",SG,90,2019
Jalen Hill,138,"Clark (Las Vegas, NV)",SF,90,2019
Armaan Franklin,139,"Cathedral (Indianapolis, IN)",SG,90,2019
Jae'Lyn Withers,140,"Cleveland Heights (Cleveland, OH)",PF,90,2019
Chris Ledlum,141,"St Peters Boys (Staten Island, NY)",SF,90,2019
Tyson Etienne,142,"Putnam Science Academy (Putnam, CT)",CG,90,2019
Chase Hunter,143,"Westlake (Atlanta, GA)",CG,90,2019
Ford Cooper,144,"United Faith Christian Academy (Charlotte, NC)",PG,90,2019
Christian Braun,145,"Blue Valley Northwest (Overland Park, KS)",SF,89,2019
Dieonte Miles,146,"Walton-verona (Walton, KY)",C,89,2019
Antwan January,147,"Santa Monica (Santa Monica, CA)",C,89,2019
Carl Lewis,148,"Hillcrest Prep (Phoenix, AZ)",C,89,2019
Naheem McLeod,149,"Plymouth-Whitemarsh (Plymouth Meeting, PA)",C,89,2019
Caleb Mills,150,"Asheville Christian Academy (Swannanoa, NC)",CG,89,2019
Cade Cunningham,1,"Montverde Academy (Arlington, TX)",PG,100,2020
Jalen Green,2,"Prolific Prep (Napa, CA)",CG,100,2020
Evan Mobley,3,"Rancho Christian (Temecula, CA)",C,100,2020
Jonathan Kuminga,4,"The Patrick School (Congo, CONG)",SF,100,2020
Ziaire Williams,5,"Sierra Canyon (Chatsworth, CA)",SF,100,2020
Brandon Boston Jr.,6,"Sierra Canyon (Chatsworth, CA)",SG,99,2020
Caleb Love,7,"Christian Brothers College (St. Louis, MO)",PG,99,2020
Josh Christopher,8,"Mayfair (Lakewood, CA)",SG,99,2020
Scottie Barnes,9,"Montverde Academy (Montverde, FL)",PF,99,2020
Terrence Clarke,10,"Brewster Academy (Boston, MA)",SG,99,2020
Greg Brown III,11,"Austin Vandegrift (Austin, TX)",PF,99,2020
Moussa Cisse,12,"Lausanne Collegiate School (Memphis, TN)",C,99,2020
Jalen Suggs,13,"Minnehaha Academy (Minneapolis, MN)",CG,99,2020
Jalen Johnson,14,"Nicolet (Milwaukee, WI)",SF,99,2020
Daishen Nix,15,"Trinity International Schools (Las Vegas, NV)",PG,99,2020
Jaden Springer,16,"IMG Academy (Bradenton, FL)",CG,99,2020
Keon Johnson,17,"The Webb School (Bell Buckle, TN)",SG,98,2020
Mark Williams,18,"IMG Academy (Bradenton, FL)",C,98,2020
Makur Maker,19,"Hillcrest Prep (Phoenix, AZ)",C,98,2020
Bryce Thompson,20,"Booker T. Washington (Tulsa, OK)",CG,98,2020
Josh Primo,21,"Royal Crown (Toronto, OH)",CG,98,2020
Day'Ron Sharpe,22,"Montverde Academy (Montverde, FL)",C,98,2020
DJ Steward,23,"Whitney Young (Chicago, IL)",CG,98,2020
Jeremy Roach,24,"Paul VI Catholic (Fairfax, VA)",PG,98,2020
Cameron Thomas,25,"Oak Hill Academy (Chesapeake, VA)",SG,98,2020
Khristian Lander,26,"Francis Joseph Reitz Sch (Evansville, IN)",PG,98,2020
Sharife Cooper,27,"McEachern (Marietta, GA)",PG,98,2020
Walker Kessler,28,"Woodward Academy (Fairburn, GA)",C,98,2020
Karim Mane,29,"Vanier College (Montreal, QC)",CG,98,2020
Isaiah Todd,30,"Word Of God Christian Academy (Raleigh, NC)",PF,98,2020
Marcus Bagley,31,"Sheldon (Sacramento, CA)",SF,97,2020
Dawson Garcia,32,"Prior Lake (Prior Lake, MN)",PF,97,2020
Josh Hall,33,"Moravian Prep (Durham, NC)",SF,97,2020
Isaiah Jackson,34,"Waterford Mott (Waterford, MI)",C,97,2020
Adam Miller,35,"Morgan Park HS (Chicago, IL)",SG,97,2020
Earl Timberlake,36,"DeMatha Catholic (Hyattsville, MD)",SG,97,2020
Devin Askew,37,"Mater Dei (Santa Ana, CA)",PG,97,2020
Nimari Burnett,38,"Prolific Prep (Napa, CA)",CG,97,2020
KK Robinson,39,"Oak Hill Academy (Bryant, AR)",PG,97,2020
Moses Moody,40,"Montverde Academy (Little Rock, AR)",SG,97,2020
Jabri Abdur-Rahim,41,"Blair Academy (Blairstown, NJ)",SF,97,2020
Mac Etienne,42,"Brewster Academy (Wolfeboro, NH)",C,97,2020
Mady Sissoko,43,"Wasatch Academy (Mount Pleasant, UT)",C,97,2020
Lance Ware,44,"Camden (Burlington, NJ)",PF,97,2020
Henry Coleman,45,"Trinity Episcopal (Richmond, VA)",PF,97,2020
Dalen Terry,46,"Hillcrest Prep (Phoenix, AZ)",SF,97,2020
Matthew Murrell,47,"IMG Academy (Bradenton, FL)",SG,97,2020
Franck Kepnang,48,"Westtown School (Norristown, PA)",C,96,2020
Samson Ruzhentsev,49,"Hamilton Heights Christian Academy (Chattanooga, TN)",SF,96,2020
Dwon Odom,50,"St. Francis (Alpharetta, GA)",PG,96,2020
Andre Jackson,51,"Albany (Albany, NY)",SF,96,2020
Hunter Dickinson,52,"DeMatha Catholic (Hyattsville, MD)",C,96,2020
Bennedict Mathurin,53,"NBA Academy Latin America (Mexico, MEXI)",SF,96,2020
Jaemyn Brakefield,54,"Huntington Expression Prep (Huntington, WV)",PF,96,2020
JT Thor,55,"Norcross (Norcross, GA)",PF,96,2020
Trey Patterson,56,"Rutgers Preparatory School (Somerset, NJ)",PF,96,2020
"The Skill Factory (Atlanta, GA)",57,C,7-1 / 200,57 12 5,2020
Azuolas Tubelis,58,"Lithuania (Lithuania, LITH)",PF,96,2020
MarJon Beauchamp,59,"Dream City Christian (Glendale, AZ)",SF,96,2020
R.J. Davis,60,"Archbishop Stepinac (White Plains, NY)",CG,96,2020
Andre Curbelo,61,"Long Island Lutheran (Puerto Rico, PUER)",PG,96,2020
Clifford Omoruyi,62,"Roselle Catholic (Roselle, NJ)",C,96,2020
Alex Fudge,63,"Riverside (Jacksonville, FL)",SF,96,2020
Matthew-Alexander Moncrieffe,64,"Orangeville Prep (Toronto, ON)",PF,96,2020
Deivon Smith,65,"Grayson (Loganville, GA)",PG,96,2020
Micah Peavy,66,"Duncanville (Duncanville, TX)",SF,96,2020
Ian Martinez,67,"JSerra Catholic (San Juan Capistrano, CA)",SG,96,2020
Kenyon Martin,68,"IMG Academy (Bradenton, FL)",PF,96,2020
Kerr Kriisa,69,"Estonia (Estonia, ESTO)",PG,95,2020
Jordan Nesbitt,70,"St Louis Christian Academy (St. Louis, MO)",SF,95,2020
Puff Johnson,71,"Hillcrest Prep (Phoenix, AZ)",SF,95,2020
Reece Beekman,72,"Scotlandville Magnet (Baton Rouge, LA)",PG,95,2020
Rati Andronikashvili,73,"Georgia (Georgia, GEOR)",PG,95,2020
PJ Hall,74,"Dorman (Roebuck, SC)",C,95,2020
Chibuzo Agbo,75,"St. Augustine (San Diego, CA)",SF,95,2020
Cam Hayes,76,"Greensboro Day School (Greensboro, NC)",PG,95,2020
Reese Dixon-Waters,77,"St. Bernard (Playa Del Rey, CA)",SG,95,2020
James Graham,78,"Nicolet (Milwaukee, WI)",SF,95,2020
Julian Strawther,79,"Liberty (Henderson, NV)",SF,95,2020
Isaiah Cottrell,80,"Huntington Expression Prep (Huntington, WV)",PF,95,2020
Osasere Ighodaro,81,"Desert Vista (Phoenix, AZ)",PF,95,2020
Jaxson Robinson,82,"Ada (Ada, OK)",SF,95,2020
Jaylen Clark,83,"Etiwanda (Rancho Cucamonga, CA)",SG,95,2020
Jalen Terry,84,"Beecher (Mount Morris, MI)",PG,95,2020
Carter Whitt,85,"Brewster Academy (Wolfeboro, NH)",PG,94,2020
Mwani Wilkinson,86,"Bishop Gorman (Las Vegas, NV)",SF,94,2020
JJ Traynor,87,"Bardstown (Bardstown, KY)",PF,94,2020
Cam'Ron Fletcher,88,"Vashon (St. Louis, MO)",SF,94,2020
Dominick Harris,89,"Rancho Christian (Temecula, CA)",CG,94,2020
Olivier-Maxence Prosper,90,"NBA Academy Latin America (Mexico, MEXI)",PF,94,2020
Alex Tchikou,91,"Dream City Christian (Glendale, AZ)",PF,94,2020
Kadary Richmond,92,"Brewster Academy (Wolfeboro, NH)",SF,94,2020
Matt Cross,93,"Brewster Academy (Beverly, MA)",SF,94,2020
Tramon Mark,94,"Dickinson (Dickinson, TX)",PG,94,2020
Max Murrell,95,"Millard North (Omaha, NE)",PF,94,2020
Corey Walker,96,"Hargrave Military Academy (Chatham, VA)",PF,94,2020
Eric Gaines,97,"Lithonia (Lithonia, GA)",CG,93,2020
Hassan Diarra,98,"Putnam Science Academy (Putnam, CT)",PG,93,2020
Jaden Ivey,99,"La Lumiere School (La Porte, IN)",SG,93,2020
Meechie Johnson,100,"Garfield Heights (Cleveland, OH)",PG,93,2020
A.J. Hoggard,101,"Huntington Expression Prep (Wayne, PA)",CG,93,2020
Jaylin Williams,102,"Northside (Fort Smith, AR)",C,93,2020
Xavier Foster,103,"Oskaloosa (Oskaloosa, IA)",C,93,2020
Adama Sanogo,104,"The Patrick School (Mali, MALI)",C,93,2020
Terrance Williams II,105,"Gonzaga (Washington, DC)",PF,93,2020
Dain Dainja,106,"Park Center (Minneapolis, MN)",C,93,2020
Ryan Kalkbrenner,107,"Trinity Catholic (St. Louis, MO)",C,93,2020
Hopkins,108,"(Hopkins, MN)",SG,92,2020
Ben Gregg,109,"Clackamas (Clackamas, OR)",PF,92,2020
Nique Clifford,110,"The Vanguard School (Colorado Springs, CO)",SG,92,2020
K.D. Johnson,111,"Hargrave Military Academy (Chatham, VA)",PG,92,2020
Michael O'Connell,112,"Blair Academy (Blairstown, NJ)",PG,92,2020
Keon Ambrose-Hylton,113,"Andrews Osborne Academy (Willoughby, OH)",PF,92,2020
Zeb Jackson,114,"Montverde Academy (Maumee, OH)",SG,92,2020
Ben Carlson,115,"East Ridge (Saint Paul, MN)",PF,92,2020
Jabe Mullins,116,"Mount Si (Snoqualmie, WA)",SG,92,2020
Pavlo Dziuba,117,"Ukraine (Ukraine, UKRA)",PF,92,2020
Daniel Batcho,118,"France (France, FRAN)",C,92,2020
John Hugley IV,119,"Brush (Cleveland, OH)",C,92,2020
Justin Lewis,120,"Baltimore Polytechnic Institute (Towson, MD)",PF,91,2020
David Jones,121,"Teays Valley Christian School (Scott Depot, WV)",SF,91,2020
Jamal Mashburn Jr.,122,"Brewster Academy (Miami, FL)",CG,91,2020
LJ Cryer,123,"Morton Ranch (Katy, TX)",PG,91,2020
William Jeffress,124,"McDowell (Erie, PA)",PF,91,2020
Shakeel Moore,125,"Moravian Prep (Greensboro, NC)",PG,91,2020
Pelle Larsson,126,"Sweden (Sweden, SWED)",CG,91,2020
Javonte Brown-Ferguson,127,"Thornlea Secondary School (Thornhill, ON)",C,91,2020
Caleb Murphy,128,"Grayson (Loganville, GA)",CG,91,2020
Colby Jones,129,"Mountain Brook (Birmingham, AL)",SG,91,2020
Jordan Geronimo,130,"St. Paul's School (Concord, NH)",SF,91,2020
Joe Bamisile,131,"Monacan (Richmond, VA)",SG,91,2020
Josh O'Garro,132,"Santa Clarita Christian School (Cayman Islands, CAYM)",SF,90,2020
Maxwell Lewis,133,"Hillcrest Prep (Phoenix, AZ)",SF,90,2020
Woody Newton,134,"Mt. Zion Prep (Baltimore, MD)",PF,90,2020
Eugene Brown III,135,"Southwest DeKalb (Conyers, GA)",SG,90,2020
Marcus Dockery,136,"Brewster Academy (Wolfeboro, NH)",CG,90,2020
Ethan Morton,137,"Butler Area (Butler, PA)",CG,90,2020
Rondel Walker,138,"Putnam City West (Oklahoma City, OK)",CG,90,2020
Keon Edwards,139,"Hillcrest Prep (Phoenix, AZ)",SF,90,2020
Chris Moore,140,"West Memphis (West Memphis, AR)",PF,90,2020
Andrej Jakimovski,141,"Macedonia (Macedonia, MACE)",SF,90,2020
Tibet GÃ¶rener,142,"Orange Lutheran (Istanbul, IS)",SF,90,2020
Josh Taylor,143,"Norcross (Norcross, GA)",PF,90,2020
Justice Ajogbor,144,"Christ School (Arden, NC)",C,90,2020
Steven Crowl,145,"Eastview Senior (Saint Paul, MN)",C,90,2020
Malachi Wideman,146,"Venice (Venice, FL)",SF,90,2020
Brandon Angel,147,"Torrey Pines (San Diego, CA)",PF,90,2020
Ty Berry,148,"Sunrise Christian Academy (Wichita, KS)",CG,90,2020
Tari Eason,149,"Garfield (Seattle, WA)",PF,90,2020
Jamari Sibley,150,"Oak Hill Academy (Mouth Of Wilson, VA)",PF,90,2020
Chet Holmgren,1,"Minnehaha Academy (Minneapolis, MN)",C,100,2021
Paolo Banchero,2,"O Dea (Seattle, WA)",PF,99,2021
Shaedon Sharpe,3,"Dream City Christian (Glendale, AZ)",SG,99,2021
Jaden Hardy,4,"Coronado (Henderson, NV)",CG,99,2021
Jalen Duren,5,"Montverde Academy (Montverde, FL)",C,99,2021
Emoni Bates,6,"Ypsi Prep Academy (Ypsilanti, MI)",SF,99,2021
Jabari Smith,7,"Sandy Creek (Tyrone, GA)",PF,99,2021
Patrick Baldwin Jr.,8,"Hamilton (Sussex, WI)",SF,99,2021
Peyton Watson,9,"Long Beach Poly (Long Beach, CA)",SF,99,2021
Hunter Sallis,10,"Millard North (Omaha, NE)",CG,99,2021
Kennedy Chandler,11,"Sunrise Christian Academy (Wichita, KS)",PG,98,2021
AJ Griffin,12,"Archbishop Stepinac (White Plains, NY)",SF,98,2021
Scoot Henderson,13,"Kell (Marietta, GA)",PG,98,2021
Daimion Collins,14,"Atlanta (Atlanta, TX)",PF,98,2021
Caleb Houstan,15,"Montverde Academy (Montverde, FL)",PF,98,2021
Moussa Diabate,16,"IMG Academy (Bradenton, FL)",PF,98,2021
JD Davison,17,"Calhoun Sch (Letohatchee, AL)",PG,98,2021
Kendall Brown,18,"Sunrise Christian Academy (Wichita, KS)",SF,98,2021
Harrison Ingram,19,"St. Mark's (Dallas, TX)",SF,98,2021
TyTy Washington,20,"Compass Prep (Chandler, AZ)",PG,98,2021
Michael Foster,21,"Hillcrest Prep (Phoenix, AZ)",PF,98,2021
Max Christie,22,"Rolling Meadows (Rolling Meadows, IL)",SG,98,2021
Trevor Keels,23,"Paul VI Catholic (Fairfax, VA)",SG,98,2021
Brandon Huntley-Hatfield,24,"Scotland Campus (Scotland, PA)",PF,98,2021
Aminu Mohammed,25,"Greenwood Laboratory School (Washington, DC)",SG,98,2021
Nate Bittle,26,"Prolific Prep (Napa, CA)",C,98,2021
Matthew Cleveland,27,"Pace Academy (Alpharetta, GA)",SF,98,2021
Bryce McGowens,28,"Legacy Early College (Greenville, SC)",SG,98,2021
Enoch Boakye,29,"George Harris Prep (Mississauga, ON)",C,98,2021
Tamar Bates,30,"IMG Academy (Bradenton, FL)",SG,97,2021
Kowacie Reeves,31,"Westside (Macon, GA)",SG,97,2021
Efton Reid,32,"IMG Academy (Bradenton, FL)",C,97,2021
Charles Bediako,33,"IMG Academy (Bradenton, FL)",C,97,2021
Jalen Warley,34,"Westtown School (Norristown, PA)",CG,97,2021
Malaki Branham,35,"St. Vincent-St. Mary (Akron, OH)",SG,97,2021
Jaylon Tyson,36,"John Paul II (Plano, TX)",SF,97,2021
Manny Obaseki,37,"John Paul II (Allen, TX)",SG,97,2021
Langston Love,38,"Montverde Academy (San Antonio, TX)",SG,97,2021
Josh Minott,39,"Saint Andrew's (Boca Raton, FL)",SF,97,2021
Tyrese Hunter,40,"St. Catherine's (Racine, WI)",PG,96,2021
Benny Williams,41,"IMG Academy (Bradenton, FL)",SF,96,2021
Mouhamed Gueye,42,"Prolific Prep (Napa, CA)",PF,96,2021
Jordan Longino,43,"Germantown Academy (Fort Washington, PA)",SG,96,2021
Bryce Hopkins,44,"Fenwick (Oak Park, IL)",PF,96,2021
Kobe Bufkin,45,"Grand Rapids Christian (Grand Rapids, MI)",CG,96,2021
Nolan Hickman,46,"Wasatch Academy (Mount Pleasant, UT)",PG,96,2021
Jonas Aidoo,47,"Liberty Heights Athletic Institute (Charlotte, NC)",C,96,2021
Julian Reese,48,"St. Frances Academy (Owings Mills, MD)",PF,96,2021
Arthur Kaluma,49,"Dream City Christian (Glendale, AZ)",PF,95,2021
Trey Kaufman-Renn,50,"Silver Creek (Sellersburg, IN)",PF,95,2021
Jeremy Sochan,51,"Orange Academy (Germany, GERM)",PF,95,2021
Kaden Perry,52,"Battle Ground (Battle Ground, WA)",C,95,2021
Frankie Collins,53,"Coronado (Henderson, NV)",PG,95,2021
DaRon Holmes,54,"Montverde Academy (Montverde, FL)",PF,95,2021
Jordan Hawkins,55,"DeMatha Catholic (Hyattsville, MD)",SG,95,2021
Dominick Barlow,56,"Bridgton Academy (Dumont, NJ)",PF,95,2021
Jahmai Mashack,57,"Etiwanda (Rancho Cucamonga, CA)",SF,95,2021
Samson Johnson,58,"St. Patrick (Elizabeth, NJ)",C,95,2021
Lawson Lovering,59,"Cheyenne Central (Cheyenne, WY)",C,95,2021
Ernest Ross,60,"Santa Fe (Alachua, FL)",PF,95,2021
Daeshun Ruffin,61,"Callaway (Jackson, MS)",PG,95,2021
Rahsool Diggins,62,"Archbishop Wood (Philadelphia, PA)",PG,95,2021
Dontrez Styles,63,"Kinston (Kinston, NC)",SF,95,2021
Pierre Brooks,64,"Douglass Academy (Detroit, MI)",SF,94,2021
Will McClendon,65,"Bishop Gorman (Las Vegas, NV)",SG,94,2021
Jaden Akins,66,"Ypsi Prep Academy (Ypsilanti, MI)",PG,94,2021
Caleb Furst,67,"Blackhawk Christian School (Fort Wayne, IN)",PF,94,2021
Logan Duncomb,68,"Archbishop Moeller (Cincinnati, OH)",C,94,2021
Ryan Nembhard,69,"Montverde Academy (Montverde, FL)",PG,94,2021
Justice Williams,70,"Montverde Academy (Philadelphia, PA)",SG,93,2021
John Butler,71,"Christ Church Episcopal School (Greenville, SC)",C,93,2021
Brandin Podziemski,72,"St. John's Northwestern Academies (Delafield, WI)",SG,93,2021
Zach Clemence,73,"Sunrise Christian Academy (San Antonio, TX)",PF,93,2021
Taine Murray,74,"New Zealand (New Zealand, NEW )",SG,93,2021
Isael Silva,75,"Prolific Prep (Sacramento, CA)",PG,93,2021
Mason Miller,76,"Houston (Germantown, TN)",PF,93,2021
Fanbo Zeng,77,"Windermere Prep (Windermere, FL)",PF,93,2021
Wesley Cardet Jr.,78,"West Oaks Academy (Orlando, FL)",SF,93,2021
Terquavion Smith,79,"Farmville Central (Farmville, NC)",SG,93,2021
Zion Harmon,80,"Marshall County (Benton, KY)",PG,93,2021
Malik Thomas,81,"Damien (La Verne, CA)",CG,93,2021
Dallan Coleman,82,"West Nassau County (Callahan, FL)",SG,93,2021
Jakai Robinson,83,"Rock Creek Christian Academy (Upper Marlboro, MD)",SF,93,2021
David Joplin,84,"Brookfield Central (Brookfield, WI)",PF,93,2021
KJ Adams,85,"Austin Westlake (Austin, TX)",PF,93,2021
Emarion Ellis,86,"Assumption (Davenport, IA)",CG,93,2021
Devin Carter,87,"Brewster Academy (Wolfeboro, NH)",CG,93,2021
Roosevelt Wheeler,88,"John Marshall (Richmond, VA)",C,92,2021
Trey Alexander,89,"Heritage Hall (Oklahoma City, OK)",SG,92,2021
D'Marco Dunn,90,"Westover (Fayetteville, NC)",SG,92,2021
Ike Cornish,91,"Legacy Early College (Baltimore, MD)",SF,92,2021
Brandon Murray,92,"IMG Academy (Bradenton, FL)",SG,92,2021
CJ Noland,93,"Waxahachie (Waxahachie, TX)",SG,92,2021
Bobby Pettiford,94,"South Granville Of Business And Global Commun (Durham, NC)",PG,92,2021
K.J. Simpson,95,"Chaminade (West Hills, CA)",CG,92,2021
Jusaun Holt,96,"St Francis Day School (Roswell, GA)",SF,92,2021
Jackson Grant,97,"Olympia (Olympia, WA)",C,91,2021
Mike James,98,"Oak Ridge (Orlando, FL)",SF,91,2021
Cameron Hildreth,99,"England (England, ENGL)",SG,91,2021
Corey Floyd Jr.,100,"Roselle Catholic (Roselle, NJ)",SG,91,2021
Tucker DeVries,101,"Waukee (Waukee, IA)",SF,91,2021
Shane Nowell,102,"Eastside Catholic (Seattle, WA)",SG,91,2021
Miles Kelly,103,"Hargrave Military Academy (Chatham, VA)",SG,91,2021
Marsalis Roberson,104,"Bishop O'Dowd (Oakland, CA)",SG,91,2021
Brandon Weston,105,"Hillcrest Prep (Phoenix, AZ)",SF,91,2021
Quincy Allen,106,"Maret School (Washington, DC)",SF,91,2021
Kam Jones,107,"Evangelical Christian (Cordova, TN)",SG,91,2021
Jerrell Colbert,108,"Houston (Germantown, TN)",C,91,2021
Kyle Cuffe Jr.,109,"Blair Academy (Blairstown, NJ)",SG,91,2021
Ahamad Bynum,110,"Simeon (Chicago, IL)",SG,91,2021
Cesare Edwards,111,"Hartsville (Hartsville, SC)",C,91,2021
Ryan Mutombo,112,"Lovett School (Atlanta, GA)",C,91,2021
Isaiah Barnes,113,"Simeon (Chicago, IL)",SF,90,2021
Chucky Hepburn,114,"Bellevue West (Bellevue, NE)",PG,90,2021
Stevie Mitchell,115,"Wilson (Reading, PA)",PG,90,2021
Wade Taylor,116,"Lancaster (Lancaster, TX)",PG,90,2021
Blake Wesley,117,"Riley (South Bend, IN)",SG,90,2021
Alex Karaban,118,"IMG Academy (Bradenton, FL)",PF,90,2021
Nnanna Njoku,119,"Sanford School (Hockessin, DE)",C,90,2021
Elijah Tucker,120,"Cherokee (Canton, GA)",PF,90,2021
Chance Moore,121,"McEachern (Powder Springs, GA)",SG,90,2021
Gianni Thompson,122,"Brimmer And May School (Chestnut Hill, MA)",PF,90,2021
Wooga Poplar,123,"Math Civics And Sciences Cs (Philadelphia, PA)",SG,90,2021
RJ Melendez,124,"Central Pointe Christian (Kissimmee, FL)",SF,90,2021
Justyn Fernandez,125,"IMG Academy (Bradenton, FL)",SF,90,2021
Ramon Walker Jr.,126,"Shadow Creek (Pearland, TX)",SF,90,2021
Sam Onu,127,"The Phelps School (Malvern, PA)",C,90,2021
Breon Pass,128,"Reidsville (Reidsville, NC)",PG,90,2021
Bensley Joseph,129,"Putnam Science Academy (Putnam, CT)",PG,90,2021
Casey Simmons,130,"Milton Academy (Milton, MA)",SG,90,2021
Adama Bal,131,"INSEP Paris (Paris, FR)",CG,90,2021
Javon Ruffin,132,"Isidore Newman (New Orleans, LA)",SG,89,2021
Shane Dezonie,133,"Brewster Academy (Tobyhanna, PA)",SG,89,2021
Glenn Taylor Jr.,134,"Compass Prep (Chandler, AZ)",SF,89,2021
Kok Yat,135,"Norcross (Norcross, GA)",PF,89,2021
"Mike Mitchell, Jr.",136,"Archbishop Mitty (San Jose, CA)",PG,89,2021
Sean Pedulla,137,"Edmond Memorial (Edmond, OK)",CG,89,2021
Jordan Riley,138,"Brentwood (Brentwood, NY)",SG,89,2021
Jacobi Wright,139,"Legacy Early College (Greenville, SC)",CG,89,2021
Tyler Powell,140,"Ribet Academy (Los Angeles, CA)",SF,89,2021
Stefan Todorovic,141,"Prolific Prep (Napa, CA)",SF,89,2021
Rafael Castro,142,"Dover (Dover, NJ)",PF,89,2021
Luke Goode,143,"Homestead (Fort Wayne, IN)",SF,89,2021
Ja'Vier Francis,144,"Montverde Academy (Montverde, FL)",C,89,2021
Brooks Barnhizer,145,"Jefferson (Lafayette, IN)",SF,89,2021
Jayden Nunn,146,"Dream City Christian (Flint, MI)",PG,89,2021
Josh Beadle,147,"Cardinal Newman School (Columbia, SC)",CG,89,2021
Payton Sandfort,148,"Waukee (Waukee, IA)",PF,89,2021
Markus Ilver,149,"Western Reserve Academy (Hudson, OH)",PF,89,2021
Darius Johnson,150,"Episcopal (Alexandria, VA)",PG,89,2021
Nick Smith,1,"North Little Rock (North Little Rock, AR)",CG,100,2022
Dereck Lively II,2,"Westtown School (Bellefonte, PA)",C,100,2022
Dariq Whitehead,3,"Montverde Academy (Newark, NJ)",SF,99,2022
Kyle Filipowski,4,"Wilbraham & Monson Academy (Wilbraham, MA)",C,99,2022
Cason Wallace,5,"Richardson (Richardson, TX)",CG,99,2022
GG Jackson,6,"Ridge View (Columbia, SC)",PF,99,2022
Kel'el Ware,7,"North Little Rock (North Little Rock, AR)",C,99,2022
Dillon Mitchell,8,"Montverde Academy (Montverde, FL)",SF,99,2022
Keyonte George,9,"IMG Academy (Lewisville, TX)",SG,99,2022
Amari Bailey,10,"Sierra Canyon (Chatsworth, CA)",CG,99,2022
Cam Whitmore,11,"Archbishop Spalding (Severn, MD)",SF,98,2022
Jarace Walker,12,"IMG Academy (Bradenton, FL)",PF,98,2022
Mark Mitchell,13,"Sunrise Christian Academy (Wichita, KS)",PF,98,2022
Brandon Miller,14,"Cane Ridge (Antioch, TN)",SF,98,2022
Anthony Black,15,"Duncanville (Duncanville, TX)",PG,98,2022
Chris Livingston,16,"Oak Hill Academy (Mouth Of Wilson, VA)",SF,98,2022
Adem Bona,17,"Prolific Prep (Napa, CA)",C,98,2022
Arterio Morris,18,"Kimball (Dallas, TX)",PG,98,2022
Julian Phillips,19,"Link Academy (Branson, MO)",SF,98,2022
Jordan Walsh,20,"Link Academy (Cedar Hill, TX)",SF,98,2022
Gradey Dick,21,"Sunrise Christian Academy (Wichita, KS)",SF,98,2022
JJ Starling,22,"La Lumiere School (Baldwinsville, NY)",CG,98,2022
Tyrese Proctor,23,"NBA Global Academy (Australia, AUST)",PG,98,2022
Yohan Traore,24,"Dream City Christian (France, FRAN)",C,98,2022
Kylan Boswell,25,"Compass Prep (Chandler, AZ)",PG,98,2022
Jalen Hood-Schifino,26,"Montverde Academy (Montverde, FL)",CG,97,2022
Jaden Bradley,27,"IMG Academy (Bradenton, FL)",PG,97,2022
Vincent Iwuchukwu,28,"SoCal Academy (Castaic, CA)",C,97,2022
Leonard Miller,29,"Fort Erie International Academy (Fort Erie, ON)",SF,97,2022
Seth Trimble,30,"Menomonee Falls (Menomonee Falls, WI)",PG,97,2022
Terrance Arceneaux,31,"Beaumont United (Beaumont, TX)",SF,97,2022
Ernest Udeh Jr.,32,"Dr. Phillips (Orlando, FL)",C,97,2022
Collin Chandler,33,"Farmington (Farmington, UT)",CG,97,2022
Skyy Clark,34,"Montverde Academy (Montverde, FL)",PG,97,2022
Tre White,35,"Prolific Prep (Napa, CA)",SF,97,2022
Henri Veesaar,36,"Estonia (Estonia, ESTO)",C,97,2022
MJ Rice,37,"Prolific Prep (Napa, CA)",SF,97,2022
Malik Reneau,38,"Montverde Academy (Montverde, FL)",PF,97,2022
Ugonna Onyenso,39,"Putnam Science Academy (Putnam, CT)",C,97,2022
Tarris Reed Jr.,40,"Link Academy (Branson, MO)",C,96,2022
Tyrell Ward,41,"DeMatha Catholic (Hyattsville, MD)",SF,96,2022
Dylan Andrews,42,"Compass Prep (Chandler, AZ)",PG,96,2022
Rylan Griffen,43,"Richardson (Richardson, TX)",SG,96,2022
Chance Westry,44,"Compass Prep (Chandler, AZ)",SF,96,2022
Jett Howard,45,"IMG Academy (Bradenton, FL)",SF,96,2022
Freddie Dilione,46,"Word Of God Christian Academy (Raleigh, NC)",CG,96,2022
Zuby Ejiofor,47,"Garland (Garland, TX)",PF,96,2022
Isaiah Miranda,48,"SoCal Academy (Castaic, CA)",C,96,2022
Baba Miller,49,"Spain (Spain, SPAI)",C,95,2022
Roddy Gayle Jr.,50,"Wasatch Academy (Mount Pleasant, UT)",SG,95,2022
Jayden Epps,51,"Combine Academy (Charlotte, NC)",CG,95,2022
Isaac McKneely,52,"Poca (Poca, WV)",CG,95,2022
Dior Johnson,53,"SoCal Academy (Castaic, CA)",PG,95,2022
Bruce Thornton,54,"Milton (Alpharetta, GA)",PG,95,2022
Ty Rodgers,55,"Thornton Township (Harvey, IL)",PF,95,2022
Riley Kugel,56,"Dr. Phillips (Orlando, FL)",SG,95,2022
Miles Byrd,57,"Lincoln (Stockton, CA)",SG,95,2022
Elijah Fisher,58,"Crestwood Prep (Toronto, ON)",SF,95,2022
Kijani Wright,59,"Sierra Canyon (Chatsworth, CA)",PF,94,2022
Leon Bond,60,"Wauwatosa East (Milwaukee, WI)",SF,94,2022
Jaxon Kohler,61,"SoCal Academy (American Fork, UT)",PF,94,2022
Mark Armstrong,62,"St. Peter's Prep (South Orange, NJ)",CG,94,2022
Judah Mintz,63,"Oak Hill Academy (Mouth Of Wilson, VA)",CG,94,2022
London Johnson,64,"Norcross (Norcross, GA)",CG,94,2022
Amaree Abram,65,"SoCal Academy (Castaic, CA)",PG,94,2022
Milos Uzan,66,"Dream City Christian (Glendale, AZ)",PG,94,2022
Pop Isaacs,67,"Coronado (Henderson, NV)",PG,94,2022
Jalen Washington,68,"West Side (Gary, IN)",C,94,2022
Tafara Gapare,69,"South Kent School (New Zealand, NEW )",PF,94,2022
Aidan Shaw,70,"Blue Valley (Stilwell, KS)",SF,94,2022
Austin Nunez,71,"Wagner HS (San Antonio, TX)",PG,94,2022
Chris Bell,72,"Wasatch Academy (Mount Pleasant, UT)",SF,94,2022
Donovan Clingan,73,"Bristol Central (Bristol, CT)",C,94,2022
Felix Okpara,74,"Link Academy (Branson, MO)",C,94,2022
Joseph Hunter Jr.,75,"San Joaquin Memorial (Fresno, CA)",SG,94,2022
Kam Craft,76,"The Skill Factory (Atlanta, GA)",SG,93,2022
Jalen Reed,77,"SoCal Academy (Castaic, CA)",PF,93,2022
Jaden Schutt,78,"Yorkville Christian (Yorkville, IL)",SG,93,2022
Kamari Lands,79,"Hillcrest Prep (Phoenix, AZ)",SF,93,2022
Derrian Ford,80,"Magnolia (Magnolia, AR)",CG,93,2022
Isaac Traudt,81,"Grand Island (Grand Island, NE)",PF,93,2022
Jevon Porter,82,"Father Tolton (Columbia, MO)",PF,93,2022
Chandler Jackson,83,"Christian Brothers (Memphis, TN)",CG,93,2022
Taylor Hendricks,84,"Calvary Christian Academy (Fort Lauderdale, FL)",PF,93,2022
DJ Jefferson,85,"Minnesota Preparatory Academy (Saint Paul, MN)",SF,93,2022
Brice Sensabaugh,86,"Lake Highland Prep (Orlando, FL)",SF,93,2022
Tre Holloman,87,"Cretin Derham Hall (Saint Paul, MN)",PG,92,2022
Josh Ojianwuna,88,"NBA Global Academy (Nigeria, NIGE)",C,92,2022
Kaleb Banks,89,"Fayette County (Fayetteville, GA)",PF,92,2022
Tyler Nickel,90,"East Rockingham (Elkton, VA)",PF,92,2022
Otega Oweh,91,"Blair Academy (Blairstown, NJ)",SG,92,2022
Zion Cruz,92,"Donda Academy (Simi Valley, CA)",SG,92,2022
Braden Huff,93,"Glenbard West (Carol Stream, IL)",PF,91,2022
Zach Keller,94,"ThunderRidge (Littleton, CO)",PF,91,2022
Dylan Anderson,95,"Perry (Gilbert, AZ)",C,91,2022
Sencire Harris,96,"St. Vincent-St. Mary (Akron, OH)",SG,91,2022
BJ Edwards,97,"Knoxville Catholic (Knoxville, TN)",PG,91,2022
Lee Dort,98,"Greenhill School (Addison, TX)",C,91,2022
Noah Clowney,99,"Dorman (Roebuck, SC)",PF,91,2022
Kimani Hamilton,100,"Clinton (Clinton, MS)",SF,91,2022
Desmond Claude,101,"Putnam Science Academy (New Haven, CT)",PG,91,2022
Devin Ree,102,"Oak Hill Academy (Terry, MS)",SF,91,2022
Denver Anglin,103,"Gill St Bernards (Montclair, NJ)",CG,91,2022
Rodney Rice,104,"DeMatha Catholic (Clinton, MD)",CG,91,2022
Dan Skillings Jr.,105,"Roman Catholic (Philadelphia, PA)",SG,91,2022
Filip Borovicanin,106,"Serbia (Serbia, SERB)",SF,91,2022
Jaylen Thompson,107,"SoCal Academy (Oakland, CA)",SF,91,2022
KyeRon Lindsay,108,"Denton Guyer (Denton, TX)",PF,90,2022
Ven-Allen Lubin,109,"Orlando Christian Prep (Orlando, FL)",PF,90,2022
TJ Caldwell,110,"Faith Family Academy of Oak Cliff (Dallas, TX)",SG,90,2022
Lamar Washington,111,"Compass Prep (Portland, OR)",SG,90,2022
Noah Shelby,112,"Greenhill School (McKinney, TX)",PG,90,2022
Dug McDaniel,113,"Paul VI Catholic (Fairfax, VA)",PG,90,2022
Donald Hand,114,"Landstown (Virginia Beach, VA)",CG,90,2022
Mike Sharavjamts,115,"Andrews Osborne Academy (Mongolia, MONG)",SF,90,2022
Donovan Dent,116,"Centennial (Corona, CA)",PG,90,2022
Adrame Diongue,117,"Compass Prep (Senegal, SENE)",C,90,2022
Malique Ewin,118,"Berkmar (Lilburn, GA)",C,90,2022
De'Ante Green,119,"Asheville Christian Academy (Swannanoa, NC)",PF,90,2022
CJ Gunn,120,"Lawrence North (Indianapolis, IN)",SG,90,2022
Cameron Corhen,121,"Sunrise Christian Academy (Allen, TX)",C,90,2022
Fletcher Loyer,122,"Homestead (Fort Wayne, IN)",SG,90,2022
Pharrel Payne,123,"Park Senior (Cottage Grove, MN)",PF,90,2022
Quion Williams,124,"Jonesboro (Jonesboro, AR)",SF,90,2022
Tre Donaldson,125,"Florida State University School (Tallahassee, FL)",PG,90,2022
PJ Haggerty,126,"Crosby (Crosby, TX)",CG,90,2022
Christian Watson,127,"St. John's College (Washington, DC)",SF,90,2022
Koren Johnson,128,"Garfield (Seattle, WA)",CG,90,2022
Gregg Glenn,129,"Calvary Christian Academy (Fort Lauderdale, FL)",PF,90,2022
Evan Mahaffey,130,"Archbishop Moeller (Cincinnati, OH)",SF,90,2022
Davin Cosby,131,"Word Of God Christian Academy (Raleigh, NC)",SG,90,2022
Rowan Brumbaugh,132,"Northfield Mount Hermon (Northfield, MA)",PG,90,2022
Alphonzo Billups,133,"Varina (Richmond, VA)",SG,90,2022
AJ Casey,134,"Whitney Young (Chicago, IL)",PF,90,2022
Chase Ross,135,"Cushing Academy (Dallas, TX)",SG,90,2022
Brendan Hausen,136,"Amarillo (Amarillo, TX)",SG,90,2022
Bobi Klintman,137,"Sunrise Christian Academy (Sweden, SWED)",PF,90,2022
Adou Thiero,138,"Quaker Valley (Leetsdale, PA)",CG,90,2022
Prince Aligbe,139,"Minnehaha Academy (Minneapolis, MN)",PF,89,2022
Barry Dunning Jr.,140,"McGill Toolen (Mobile, AL)",SF,89,2022
Camden Heide,141,"Wayzata (Minneapolis, MN)",SF,89,2022
Jayden Pierre,142,"Long Island Lutheran (Elizabeth, NJ)",PG,89,2022
Aidan Mahaney,143,"Campolindo (Moraga, CA)",SG,89,2022
Favour Aire,144,"Bishop McNamara (District Heights, MD)",C,89,2022
AJ Storr,145,"IMG Academy (Bradenton, FL)",SG,89,2022
Ryan Agarwal,146,"Coppell (Coppell, TX)",SF,89,2022
Ryan Dunn,147,"Perkiomen School (Freeport, NY)",SF,89,2022
Daniel Hankins-Sanford,148,"Chambers (Charlotte, NC)",PF,89,2022
Colin Smith,149,"Compass Prep (Dallas, TX)",PF,89,2022
Jorge Diaz Graham,150,"IMG Academy (Canary Islands, CANA)",PF,89,2022
Ron Holland,1,"Duncanville (Duncanville, TX)",PF,99,2023
Isaiah Collier,2,"Wheeler (Marietta, GA)",PG,99,2023
Justin Edwards,3,"Imhotep Institute (Philadelphia, PA)",SF,99,2023
Cody Williams,4,"Perry (Gilbert, AZ)",SF,99,2023
Aaron Bradshaw,5,"Camden (Roselle, NJ)",C,99,2023
DJ Wagner,6,"Camden (Camden, NJ)",CG,99,2023
Matas Buzelis,7,"Sunrise Christian Academy (Wichita, KS)",SF,99,2023
Ja'Kobe Walter,8,"Link Academy (McKinney, TX)",SG,98,2023
Stephon Castle,9,"Newton (Covington, GA)",CG,98,2023
Mackenzie Mgbako,10,"Roselle Catholic (Gladstone, NJ)",PF,98,2023
Xavier Booker,11,"Cathedral (Indianapolis, IN)",C,98,2023
Elliot Cadeau,12,"Link Academy (Branson, MO)",PG,98,2023
Omaha Biliew,13,"Waukee (Waukee, IA)",PF,98,2023
Jared McCain,14,"Centennial (Corona, CA)",CG,98,2023
Aday Mara,15,"Casademont Zaragoza (Spain, SPAI)",C,98,2023
Aden Holloway,16,"Prolific Prep (Napa, CA)",PG,98,2023
TJ Power,17,"Worcester Academy (Shrewsbury, MA)",PF,98,2023
Kwame Evans Jr.,18,"Montverde Academy (Montverde, FL)",PF,97,2023
Andrej Stojakovic,19,"Jesuit (Carmichael, CA)",SF,97,2023
Elmarko Jackson,20,"South Kent School (South Kent, CT)",PG,97,2023
Rob Dillingham,21,"Overtime Elite (Atlanta, GA)",PG,97,2023
Sean Stewart,22,"Montverde Academy (Montverde, FL)",PF,97,2023
Caleb Foster,23,"Notre Dame (Sherman Oaks, CA)",CG,96,2023
AJ Johnson,24,"SoCal Academy (Castaic, CA)",CG,96,2023
Dennis Evans,25,"Hillcrest (Riverside, CA)",C,96,2023
Jackson Shelstad,26,"West Linn (West Linn, OR)",PG,95,2023
DeShawn Harris-Smith,27,"Paul VI Catholic (Fairfax, VA)",SF,95,2023
Bronny James,28,"Sierra Canyon (Los Angeles, CA)",CG,95,2023
Baye Fall,29,"Accelerated Schools (Senegal, SENE)",C,95,2023
Dink Pate,30,"Pinkston (Dallas, TX)",SG,95,2023
Trentyn Flowers,31,"Combine Academy (Charlotte, NC)",SF,95,2023
Jeremy Fears,32,"Joliet West (Joliet, IL)",PG,95,2023
Taison Chatman,33,"Totino-Grace (Minneapolis, MN)",CG,95,2023
Dedan Thomas Jr.,34,"Liberty (Henderson, NV)",PG,95,2023
Johnny Furphy,35,"Centre of Excellence (Melbourne, VC)",SF,94,2023
Berke Buyuktuncel,36,"Turkey (Turkey, TURK)",PF,94,2023
Milan Momcilovic,37,"Pewaukee (Pewaukee, WI)",PF,94,2023
Eric Dailey Jr.,38,"IMG Academy (Bradenton, FL)",PF,94,2023
Mikey Williams,39,"San Ysidro (San Diego, CA)",CG,94,2023
Mookie Cook,40,"Compass Prep (Chandler, AZ)",SF,94,2023
Miro Little,41,"Sunrise Christian Academy (Wichita, KS)",PG,94,2023
Yves Missi,42,"Prolific Prep (Napa, CA)",C,94,2023
Ilane Fibleuil,43,"France (France, FRAN)",SG,94,2023
Solomon Ball,44,"Brewster Academy (Sharpsburg, MD)",SG,94,2023
Brandon Garrison,45,"Del City (Oklahoma City, OK)",C,94,2023
Coen Carr,46,"Legacy Early College (Greenville, SC)",PF,94,2023
Garwey Dual,47,"SoCal Academy (Castaic, CA)",SG,94,2023
Elijah Gertrude,48,"Hudson Catholic (Jersey City, NJ)",SG,94,2023
Simeon Wilcher,49,"Roselle Catholic (Roselle, NJ)",CG,94,2023
Jarin Stevenson,50,"Seaforth (Pittsboro, NC)",PF,94,2023
Marcus Adams Jr.,51,"Narbonne (Harbor City, CA)",SF,94,2023
Devin Royal,52,"Pickerington Central (Pickerington, OH)",PF,94,2023
Wesley Yates III,53,"Beaumont United (Beaumont, TX)",SG,94,2023
Cameron Carr,54,"Link Academy (Branson, MO)",SG,94,2023
Carey Booth,55,"Brewster Academy (Wolfeboro, NH)",PF,94,2023
Jaylin Stewart,56,"Garfield (Seattle, WA)",SF,94,2023
Arrinten Page,57,"Wheeler (Marietta, GA)",C,94,2023
Layden Blocker,58,"Sunrise Christian Academy (Wichita, KS)",PG,94,2023
Kanaan Carlyle,59,"Overtime Elite (Atlanta, GA)",SG,93,2023
Scotty Middleton,60,"Sunrise Christian Academy (Wichita, KS)",SF,93,2023
Amani Hansberry,61,"Mount Saint Joseph (Baltimore, MD)",PF,93,2023
Dusty Stromer,62,"Notre Dame (Sherman Oaks, CA)",SF,93,2023
Myles Colvin,63,"Heritage Christian School (Indianapolis, IN)",SF,93,2023
Rayvon Griffith,64,"Compass Prep (Chandler, AZ)",SF,93,2023
Kaden Cooper,65,"The Skill Factory (Ada, OK)",SF,93,2023
Sebastian Mack,66,"Coronado (Henderson, NV)",SG,93,2023
Gavin Griffiths,67,"Kingswood Oxford (West Hartford, CT)",SF,93,2023
Jan Vide,68,"Slovenia (Slovenia, SLOV)",CG,93,2023
Joseph Tugler,69,"Cy Falls (Houston, TX)",C,92,2023
Brandon Williams,70,"Christ the King (Middle Village, NY)",PF,92,2023
Nils Cooper,71,"Crossroads School (Santa Monica, CA)",SG,92,2023
Silas Demary Jr.,72,"Combine Academy (Charlotte, NC)",CG,92,2023
Trey Green,73,"Prolific Prep (Napa, CA)",PG,92,2023
Papa Kante,74,"South Kent School (South Kent, CT)",C,92,2023
Jamie Kaiser,75,"IMG Academy (Burke, VA)",SF,92,2023
J.P. Estrella,76,"Brewster Academy (South Portland, ME)",C,92,2023
Blue Cain,77,"IMG Academy (Bradenton, FL)",SG,92,2023
Chris Johnson,78,"Montverde Academy (Missouri City, TX)",CG,92,2023
Reed Sheppard,79,"North Laurel (London, KY)",CG,92,2023
Jizzle James,80,"Olympia (Orlando, FL)",PG,92,2023
Devin Williams,81,"Centennial (Corona, CA)",PF,92,2023
Blake Buchanan,82,"Lake City (Coeur d'Alene, ID)",C,92,2023
Dai Dai Ames,83,"Kenwood Academy (Chicago, IL)",PG,92,2023
Cameron Christie,84,"Rolling Meadows (Rolling Meadows, IL)",SG,92,2023
KJ Lewis,85,"Duncanville (Duncanville, TX)",SF,92,2023
Sam Walters,86,"The Villages Charter (The Villages, FL)",PF,92,2023
Dylan James,87,"Winter Haven (Winter Haven, FL)",PF,92,2023
Jamari McDowell,88,"Manvel (Manvel, TX)",SG,92,2023
Jaland Lowe,89,"Fort Bend Marshall (Missouri City, TX)",PG,92,2023
Rashaud Marshall,90,"Blytheville (Blytheville, AR)",C,92,2023
Carlton Carrington,91,"St. Frances Academy (Baltimore, MD)",SG,91,2023
Zayden High,92,"Compass Prep (Spring Branch, TX)",PF,91,2023
Parker Friedrichsen,93,"Bixby (Bixby, OK)",SG,91,2023
Jordan Ross,94,"Compass Prep (Chandler, AZ)",PG,91,2023
Tre Norman,95,"Worcester Academy (Boston, MA)",CG,91,2023
Jace Posey,96,"Strake Jesuit College Prep (Houston, TX)",SF,91,2023
Corey Chest,97,"Link Academy (Branson, MO)",PF,91,2023
RJ Jones,98,"Wasatch Academy (Denton, TX)",SG,91,2023
Pryce Sandfort,99,"Waukee Northwest (Waukee, IA)",SF,91,2023
JT Rock,100,"Lincoln (Sioux Falls, SD)",C,90,2023
Reid Ducharme,101,"Brewster Academy (Boston, MA)",SF,90,2023
Trent Pierce,102,"Compass Prep (Chandler, AZ)",PF,90,2023
Dailyn Swain,103,"Columbus Africentric Early College (Columbus, OH)",SF,90,2023
Mouhamed Dioubate,104,"Putnam Science Academy (Putnam, CT)",PF,90,2023
Zaide Lowery,105,"La Lumiere School (La Porte, IN)",SF,90,2023
Macaleab Rich,106,"East St. Louis (East St. Louis, IL)",SF,90,2023
Paulius Murauskas,107,"Lithuania (Lithuania, LITH)",PF,90,2023
Collin Murray-Boyles,108,"Wasatch Academy (Mount Pleasant, UT)",PF,90,2023
Jacob McFarland,109,"Rancho Verde (Moreno Valley, CA)",C,90,2023
Taylor Bol Bowen,110,"Brewster Academy (Wolfeboro, NH)",PF,90,2023
Mike Nwoko,111,"Prolific Prep (Napa, CA)",C,90,2023
Isaiah Coleman,112,"Word Of God Christian Academy (Fort Washington, MD)",SG,90,2023
Jayden Ross,113,"Long Island Lutheran (Glen Head, NY)",SF,90,2023
Jason Rivera-Torres,114,"John Marshall (Richmond, VA)",SG,90,2023
Brandon Rechsteiner,115,"Etowah (Woodstock, GA)",PG,90,2023
Kaleb Glenn,116,"La Lumiere School (La Porte, IN)",SF,90,2023
Mayar Wol,117,"Moravian Prep (Hickory, NC)",PF,90,2023
Ty-Laur Johnson,118,"Our Saviour Lutheran School (Bronx, NY)",PG,90,2023
Mike Williams,119,"Bishop Walsh School (Cumberland, MD)",SG,90,2023
Carl Cherenfant,120,"Calvary Christian Academy (Fort Lauderdale, FL)",SF,90,2023
Alex Toohey,121,"NBA Global Academy (Australia, AUST)",PF,90,2023
Gus Yalden,122,"La Lumiere School (La Porte, IN)",C,90,2023
Dennis Parker Jr.,123,"John Marshall (Richmond, VA)",SF,90,2023
Gehrig Normand,124,"Birdville (North Richland Hills, TX)",SF,90,2023
Curtis Williams Jr.,125,"Brother Rice (Bloomfield Hills, MI)",SF,90,2023
Jordan Butler,126,"Christ Church Episcopal School (Greenville, SC)",C,90,2023
Jakai Newton,127,"Newton (Covington, GA)",CG,90,2023
Rueben Chinyelu,128,"NBA Academy Africa (South Africa, SOUT)",C,90,2023
BJ Davis,129,"Modesto Christian (Modesto, CA)",PG,90,2023
Tru Washington,130,"Compass Prep (Chandler, AZ)",SG,90,2023
Gabe Cupps,131,"Centerville (Dayton, OH)",PG,90,2023
Drew Fielder,132,"SoCal Academy (Boise, ID)",C,90,2023
JT Toppin,133,"Faith Family Academy of Oak Cliff (Dallas, TX)",PF,90,2023
Justin McBride,134,"Plano (Plano, TX)",PF,90,2023
Motiejus Krivas,135,"Lithuania (Lithuania, LITH)",C,90,2023
JJ Taylor,136,"San Ysidro (San Diego, CA)",SF,90,2023
Akil Watson,137,"Roselle Catholic (Roselle, NJ)",PF,90,2023
Jazz Gardner,138,"West Ranch (Pasadena, CA)",C,90,2023
Youssouf Singare,139,"Our Saviour Lutheran School (Bronx, NY)",C,90,2023
Dramane Camara,140,"NBA Academy Africa (France, FRAN)",SG,90,2023
George Washington III,141,"Chaminade Julienne (Dayton, OH)",SG,90,2023
Jayden Hastings,142,"IMG Academy (Orlando, FL)",C,89,2023
Dra Gibbs-Lawhorn,143,"Word Of God Christian Academy (Raleigh, NC)",CG,89,2023
Brady Dunlap,144,"Harvard Westlake (Studio City, CA)",SF,89,2023
Josh Hubbard,145,"Madison-Ridgeland Academy (Madison, MS)",PG,89,2023
Kachi Nzeh,146,"George School (Newtown, PA)",C,89,2023
Jamyron Keller,147,"Ellison (Killeen, TX)",CG,89,2023
Jake Wahlin,148,"Timpview (Provo, UT)",PF,89,2023
Keanu Dawes,149,"Houston Stratford (Houston, TX)",PF,88,2023
Brock Harding,150,"Moline (Moline, IL)",PG,88,2023
Cooper Flagg,1,"Montverde Academy (Montverde, FL)",PF,100,2024
Ace Bailey,2,"McEachern (Powder Springs, GA)",SF,100,2024
Dylan Harper,3,"Don Bosco Prep (Ramsey, NJ)",CG,99,2024
Khaman Maluach,4,"NBA Academy Africa (Sudan, SUDA)",C,99,2024
VJ Edgecombe,5,"Long Island Lutheran (Glen Head, NY)",SG,99,2024
Tre Johnson,6,"Link Academy (Dallas, TX)",SG,99,2024
Jalil Bethea,7,"Archbishop Wood (Warminster, PA)",SG,99,2024
Ian Jackson,8,"Our Saviour Lutheran School (Bronx, NY)",SG,98,2024
Jayden Quaintance,9,"Word Of God Christian Academy (Raleigh, NC)",C,98,2024
Liam McNeeley,10,"Montverde Academy (Montverde, FL)",SF,98,2024
Drake Powell,11,"Northwood (Pittsboro, NC)",SF,98,2024
Derik Queen,12,"Montverde Academy (Baltimore, MD)",C,98,2024
Isaiah Evans,13,"North Mecklenburg (Huntersville, NC)",SF,98,2024
Flory Bidunga,14,"Kokomo (Kokomo, IN)",C,98,2024
Donnie Freeman,15,"IMG Academy (Bradenton, FL)",PF,98,2024
Egor Demin,16,"Russia (Russia, RUSS)",CG,98,2024
Derrion Reid,17,"Prolific Prep (Napa, CA)",PF,98,2024
Kon Knueppel,18,"Wisconsin Lutheran (Milwaukee, WI)",SF,98,2024
Asa Newell,19,"Montverde Academy (Montverde, FL)",PF,98,2024
Will Riley,20,"The Phelps School (Malvern, PA)",SF,98,2024
Patrick Ngongba II,21,"Paul VI Catholic (Fairfax, VA)",C,97,2024
Boogie Fland,22,"Archbishop Stepinac (White Plains, NY)",CG,97,2024
Rob Wright III,23,"Montverde Academy (Montverde, FL)",PG,97,2024
Joson Sanon,24,"Vermont Academy (Saxtons River, VT)",SG,97,2024
Karter Knox,25,"Overtime Elite (Atlanta, GA)",SF,97,2024
Annor Boateng,26,"Little Rock Central (Little Rock, AR)",SF,96,2024
Billy Richmond,27,"Camden (Camden, NJ)",SF,96,2024
Carter Bryant,28,"Centennial (Corona, CA)",PF,96,2024
Tahaad Pettiford,29,"Hudson Catholic (Jersey City, NJ)",PG,96,2024
Bryson Tucker,30,"Bishop O'Connell (Arlington, VA)",SF,96,2024
Morez Johnson Jr.,31,"Thornton Township (Harvey, IL)",C,95,2024
Aiden Sherrell,32,"Prolific Prep (Napa, CA)",C,95,2024
Ahmad Nowell,33,"Imhotep Institute (Philadelphia, PA)",CG,95,2024
Labaron Philon,34,"Link Academy (Branson, MO)",PG,95,2024
Trent Perry,35,"Harvard Westlake (Studio City, CA)",PG,95,2024
Kasparas Jakucionis,36,"Lithuania (Lithuania, LITH)",SG,95,2024
Jase Richardson,37,"Columbus (Miami, FL)",CG,95,2024
Khani Rooths,38,"IMG Academy (Bradenton, FL)",PF,95,2024
Jackson McAndrew,39,"Wayzata (Minneapolis, MN)",PF,94,2024
Darren Harris,40,"Paul VI Catholic (Fairfax, VA)",SF,94,2024
Kanon Catchings,41,"Overtime Elite (Atlanta, GA)",PF,94,2024
Bryson Tiller,42,"Overtime Elite (Atlanta, GA)",PF,94,2024
Moustapha Thiam,43,"DME Academy (Senegal, SENE)",C,94,2024
Oswin Erhunmwunse,44,"Putnam Science Academy (Putnam, CT)",C,94,2024
Naas Cunningham,45,"SoCal Academy (Castaic, CA)",SF,93,2024
Thomas Sorber,46,"Archbishop Ryan (Philadelphia, PA)",C,93,2024
Somto Cyril,47,"Overtime Elite (Atlanta, GA)",C,93,2024
Sir Mohammed,48,"Myers Park (Charlotte, NC)",CG,93,2024
John Mobley Jr.,49,"Wasatch Academy (Mount Pleasant, UT)",CG,93,2024
Rakease Passmore,50,"Combine Academy (Asheville, NC)",SF,93,2024
Lexington,51,"(Lexington, SC)",SG,93,2024
Tomislav Ivisic,52,"Croatia (Croatia, CROA)",C,93,2024
Tyler Betsey,53,"St. Thomas More (Windsor, CT)",PF,93,2024
Zoom Diallo,54,"Prolific Prep (Napa, CA)",PG,93,2024
David Castillo,55,"Sunrise Christian Academy (Wichita, KS)",CG,93,2024
Mercy Miller,56,"Notre Dame (Sherman Oaks, CA)",SG,93,2024
Larry Johnson,57,"SoCal Academy (Castaic, CA)",SG,93,2024
Daniel Jacobsen,58,"Brewster Academy (Wolfeboro, NH)",C,93,2024
Elijah Moore,59,"Our Saviour Lutheran School (Bronx, NY)",SG,93,2024
Julius Halaifonua,60,"NBA Global Academy (New Zealand, NEW )",C,93,2024
Jamari Phillips,61,"Dream City Christian (Glendale, AZ)",SG,93,2024
Jahki Howard,62,"Overtime Elite (Atlanta, GA)",SF,93,2024
Kur Teng,63,"Bradford Christian Academy (Haverhill, MA)",SG,93,2024
Samet Yigitoglu,64,"Turkey (Turkey, TURK)",C,93,2024
Jeremiah Fears,65,"Compass Prep (Chandler, AZ)",CG,93,2024
Austin Swartz,66,"Cannon School (Concord, NC)",SG,93,2024
Jaeden Mustaf,67,"Overtime Elite (Atlanta, GA)",CG,93,2024
Kayvaun Mulready,68,"Worcester Academy (Worcester, MA)",SG,93,2024
Isaiah Elohim,69,"Sierra Canyon (Chatsworth, CA)",SF,93,2024
Peyton Marshall,70,"Overtime Elite (Atlanta, GA)",C,93,2024
Justin Pippen,71,"Sierra Canyon (Chatsworth, CA)",CG,93,2024
John Bol,72,"Overtime Elite (South Sudan, SS)",C,93,2024
Jason Asemota,73,"Hillcrest Prep (Phoenix, AZ)",SF,93,2024
Josiah Moseley,74,"Stony Point (Round Rock, TX)",PF,92,2024
Gicarri Harris,75,"Grayson (Loganville, GA)",CG,92,2024
Damarius Owens,76,"Western Reserve Academy (Hudson, OH)",SF,92,2024
Eric Freeny,77,"Centennial (Corona, CA)",SG,92,2024
Paul McNeil,78,"Richmond (Raleigh, NC)",SG,92,2024
Jaiden Glover,79,"The Patrick School (Hillside, NJ)",SF,92,2024
Marcus Allen,80,"Miami Norland (Miami, FL)",PF,92,2024
Robert Miller,81,"Pasadena Memorial (Pasadena, TX)",PF,92,2024
Nicolas Codie,82,"Newman Smith (Carrollton, TX)",PF,92,2024
Matthew Hodge,83,"St Rose (Belmar, NJ)",PF,92,2024
Curtis Givens III,84,"Montverde Academy (Montverde, FL)",PG,92,2024
Vyctorius Miller,85,"Compass Prep (Chandler, AZ)",SG,92,2024
Cooper Koch,86,"Metamora (Peoria, IL)",PF,92,2024
Jalen Shelley,87,"Link Academy (Frisco, TX)",SF,92,2024
Travis Perry,88,"Lyon County (Eddyville, KY)",PG,92,2024
Tyler McKinley,89,"Winton Woods (Cincinnati, OH)",C,92,2024
Ryan Jones Jr.,90,"The Rock School (Gainesville, FL)",C,92,2024
Isaiah Abraham,91,"Paul VI Catholic (Fairfax, VA)",PF,91,2024
Andre Mills,92,"Brimmer And May School (Chestnut Hill, MA)",SG,91,2024
Daquan Davis,93,"Overtime Elite (Atlanta, GA)",PG,91,2024
Royce Parham,94,"Western Reserve Academy (Hudson, OH)",PF,91,2024
Miles Goodman,95,"SoCal Academy (Seattle, WA)",C,91,2024
Nojus Indrusaitis,96,"Brewster Academy (Evergreen Park, IL)",SG,91,2024
Bishop Boswell,97,"Myers Park (Charlotte, NC)",CG,91,2024
Chase McCarty,98,"IMG Academy (Bradenton, FL)",SF,91,2024
Amier Ali,99,"Canyon International Academy (Queen Creek, AZ)",SF,91,2024
Juke Harris,100,"Salisbury (Salisbury, NC)",SG,91,2024
Oscar Goodman,101,"NBA Global Academy (New Zealand, NEW )",SF,91,2024
Darrion Sutton,102,"Overtime Elite (Atlanta, GA)",SF,91,2024
Sammie Yeanay,103,"Compass Prep (Chandler, AZ)",PF,91,2024
Pharaoh Compton,104,"Arbor View (Las Vegas, NV)",PF,90,2024
Andrew Crawford,105,"ThunderRidge (Littleton, CO)",CG,90,2024
Jacob Cofie,106,"Eastside Catholic (Sammamish, WA)",PF,90,2024
Jase Butler,107,"The Branson School (San Francisco, CA)",CG,90,2024
Cole Certa,108,"IMG Academy (Bradenton, FL)",SG,90,2024
Isaac Asuma,109,"Cherry Secondary (Iron, MN)",PG,90,2024
Micah Robinson,110,"Oak Hill Academy (Mouth Of Wilson, VA)",SF,90,2024
Robert Hinton,111,"Harvard Westlake (Studio City, CA)",SG,90,2024
Jaxon Johnson,112,"Alta (Sandy, UT)",PF,90,2024
Christian Anderson,113,"Oak Hill Academy (Mouth Of Wilson, VA)",PG,90,2024
CJ Brown,114,"Kell (Marietta, GA)",PG,90,2024
Trent Burns,115,"Good Vision Academy (Houston, TX)",C,90,2024
Emmanuel Stephen,116,"Dream City Christian (Glendale, AZ)",C,90,2024
Dallas Thomas,117,"Parkview Magnet (Little Rock, AR)",PF,89,2024
Lathan Sommerville,118,"Richwoods (Peoria, IL)",C,89,2024
Daniel Freitag,119,"Breck School (Minneapolis, MN)",PG,89,2024
Trent Noah,120,"Harlan County (Baxter, KY)",SF,89,2024
Jack Robison,121,"Lakeville North (Lakeville, MN)",SF,89,2024
James Brown,122,"Link Academy (Branson, MO)",C,89,2024
Brooks Bahr,123,"Keller (Keller, TX)",CG,89,2024
George Turkson Jr.,124,"Bradford Christian Academy (Lowell, MA)",PF,89,2024
Isaiah Brown,125,"Orlando Christian Prep (Orlando, FL)",SG,88,2024
Brody Kozlowski,126,"Corner Canyon (Draper, UT)",PF,88,2024
David Punch,127,"Harker Heights (Harker Heights, TX)",PF,88,2024
Mikey Lewis,128,"Prolific Prep (Napa, CA)",CG,88,2024
Tyrone Riley,129,"St. Pius X-St. Matthias Academy (Downey, CA)",SF,88,2024
Jared Harris,130,"Silsbee (Silsbee, TX)",SG,88,2024
Isaac Davis,131,"Hillcrest (Idaho Falls, ID)",PF,88,2024
Zion Sensley,132,"Archbishop Riordan (San Francisco, CA)",SF,88,2024
Jason Jakstys,133,"Yorkville (Yorkville, IL)",PF,88,2024
Khaman Maker,134,"Trinity International Schools (South Sudan, SS)",C,88,2024
Kuol Atak,135,"Haltom (Fort Worth, TX)",PF,88,2024
Godswill Erheriene,136,"Long Island Lutheran (Glen Head, NY)",C,88,2024
Nick Janowski,137,"Pewaukee (Pewaukee, WI)",SG,88,2024
Colin White,138,"Ottawa-glandorf (Ottawa, OH)",SF,88,2024
Malachi Palmer,139,"Mt. Zion Prep (Baltimore, MD)",SG,88,2024
K.J. Windham,140,"Ben Davis (Indianapolis, IN)",CG,88,2024
Garrett Sundra,141,"Paul VI Catholic (Fairfax, VA)",PF,88,2024
Trey Parker,142,"Overtime Elite (Atlanta, GA)",SG,88,2024
Brandin Cummings,143,"Lincoln Park Performing Arts Cs (Midland, PA)",CG,88,2024
Luke Bamgboye,144,"Compass Prep (London, EN)",C,88,2024
Jesse McCulloch,145,"Lutheran East (Cleveland, OH)",C,88,2024
Ace Buckner,146,"La Lumiere School (La Porte, IN)",CG,88,2024
Isaiah Johnson-Arigu,147,"Totino-Grace (Minneapolis, MN)",SF,88,2024
Sebastian Rancik,148,"JSerra Catholic (San Juan Capistrano, CA)",PF,88,2024
Raleigh Burgess,149,"Sycamore (Cincinnati, OH)",C,88,2024
Taj DeGourville,150,"Red Rock Academy (Las Vegas, NV)",SF,88,2024
Darryn Peterson,1,"Prolific Prep (Napa, CA)",CG,100,2025
AJ Dybantsa,2,"Utah Prep (Brockton, MA)",SF,100,2025
Cameron Boozer,3,"Columbus (Miami, FL)",PF,100,2025
Nate Ament,4,"Highland School (Warrenton, VA)",PF,99,2025
Darius Acuff Jr.,5,"IMG Academy (Bradenton, FL)",PG,99,2025
Mikel Brown Jr.,6,"DME Academy (Daytona Beach, FL)",PG,99,2025
Chris Cenac Jr.,7,"Link Academy (Branson, MO)",C,99,2025
Caleb Wilson,8,"Holy Innocents Episcopal School (Atlanta, GA)",PF,99,2025
Brayden Burries,9,"Eleanor Roosevelt (San Bernardino, CA)",CG,98,2025
Alijah Arenas,10,"Chatsworth (Chatsworth, CA)",SG,98,2025
Koa Peat,11,"Perry (Gilbert, AZ)",PF,98,2025
Braylon Mullins,12,"Greenfield-Central (Greenfield, IN)",SG,98,2025
Meleek Thomas,13,"Overtime Elite (Atlanta, GA)",SG,98,2025
Tounde Yessoufou,14,"St Joseph (Benin, BENI)",SF,98,2025
Nikolas Khamenia,15,"Harvard Westlake (Studio City, CA)",SF,98,2025
Isiah Harwell,16,"Wasatch Academy (Mount Pleasant, UT)",SG,97,2025
Mouhamed Sylla,17,"Bella Vista Prep (Senegal, SENE)",C,97,2025
Jalen Haralson,18,"La Lumiere School (La Porte, IN)",SF,97,2025
CJ Ingram,19,"Montverde Academy (Montverde, FL)",SF,97,2025
Kingston Flemings,20,"Brennan (San Antonio, TX)",PG,97,2025
Trey McKenney,21,"St. Mary's (Flint, MI)",CG,97,2025
Shon Abaev,22,"Calvary Christian Academy (Fort Lauderdale, FL)",SF,96,2025
Cayden Boozer,23,"Columbus (Miami, FL)",PG,96,2025
Jasper Johnson,24,"Overtime Elite (Atlanta, GA)",SG,96,2025
Shelton Henderson,25,"Bellaire (Bellaire, TX)",SF,96,2025
Sadiq White Jr.,26,"IMG Academy (Bradenton, FL)",PF,95,2025
Malachi Moreno,27,"Great Crossing (Georgetown, KY)",C,95,2025
Matt Able,28,"Sagemont Prep (Fort Lauderdale, FL)",SG,95,2025
Dwayne Aristode,29,"Brewster Academy (Netherlands, NETH)",SF,95,2025
Jaden Toombs,30,"Dynamic Prep (Dallas, TX)",C,95,2025
Davis Fogle,31,"Compass Prep (Chandler, AZ)",SF,95,2025
Kiyan Anthony,32,"Long Island Lutheran (Glen Head, NY)",SG,95,2025
Braydon Hawthorne,33,"Huntington (Huntington, WV)",SF,95,2025
Kayden Mingo,34,"Long Island Lutheran (Glen Head, NY)",CG,95,2025
Dante Allen,35,"Montverde Academy (Montverde, FL)",CG,95,2025
Eric Reibe,36,"The Bullis School (Germany, GERM)",C,95,2025
Xavion Staton,37,"Utah Prep (Hurricane, UT)",C,95,2025
London Jemison,38,"St. Thomas More (Oakdale, CT)",PF,95,2025
Darius Adams,39,"La Lumiere School (La Porte, IN)",CG,95,2025
Niko Bundalo,40,"Prolific Prep (Napa, CA)",PF,95,2025
Alex Lloyd,41,"Westminster Academy (Fort Lauderdale, FL)",SG,94,2025
Jamarion Batemon,42,"Milwaukee Academy Of Science (Milwaukee, WI)",CG,94,2025
Jamier Jones,43,"Oak Ridge (Orlando, FL)",PF,94,2025
Amare Bynum,44,"Link Academy (Branson, MO)",PF,94,2025
Derek Dixon,45,"Gonzaga (Washington, DC)",CG,94,2025
Cam Ward,46,"Largo (Upper Marlboro, MD)",PF,94,2025
Sebastian Wilkins,47,"Brewster Academy (Wolfeboro, NH)",PF,94,2025
Acaden Lewis,48,"Sidwell Friends School (Washington, DC)",PG,94,2025
Kayden Edwards,49,"Duncanville (Duncanville, TX)",SG,94,2025
Amari Evans,50,"Overtime Elite (Atlanta, GA)",SF,94,2025
Jerry Easter II,51,"Link Academy (Branson, MO)",CG,94,2025
Sebastian Williams-Adams,52,"St. John's (Houston, TX)",PF,94,2025
Isaiah Denis,53,"Davidson Day (Davidson, NC)",CG,93,2025
Jordan Scott,54,"South Lakes (Reston, VA)",SF,93,2025
Chance Mallory,55,"St. Anne's-Belfield School (Charlottesville, VA)",PG,93,2025
Nyk Lewis,56,"Gonzaga (Washington, DC)",PG,93,2025
Keyshuan Tillery,57,"New Hampton School (New Hampton, NH)",PG,93,2025
Hudson Greer,58,"Montverde Academy (Montverde, FL)",SF,92,2025
Kaden Magwood,59,"Combine Academy (Charlotte, NC)",CG,92,2025
Alec Blair,60,"De La Salle (Concord, CA)",SF,92,2025
King Grace,61,"Faith Family Academy of Oak Cliff (Dallas, TX)",SG,92,2025
Davion Hannah,62,"Link Academy (Branson, MO)",SG,92,2025
Zac Foster,63,"Woodward Academy (Atlanta, GA)",CG,92,2025
Amari Allen,64,"Ashwaubenon (Green Bay, WI)",SF,92,2025
Trent Sisley,65,"Montverde Academy (Montverde, FL)",PF,92,2025
Kelvin Odih,66,"SoCal Academy (Castaic, CA)",SF,92,2025
Joshua Lewis,67,"Blake (Tampa, FL)",SF,92,2025
Jacob Wilkins,68,"Grayson (Loganville, GA)",SF,92,2025
Eli Ellis,69,"Moravian Prep (Hickory, NC)",PG,92,2025
Kareem Stagg,70,"IMG Academy (Bradenton, FL)",C,92,2025
Najai Hines,71,"Plainfield (Plainfield, NJ)",C,92,2025
Kohl Rosario,72,"Moravian Prep (Hudson, NC)",SG,92,2025
Chris Jeffrey,73,"Mt. Zion Prep (Lanham, MD)",CG,92,2025
JJ Mandaquit,74,"Utah Prep (Hilo, HI)",PG,92,2025
Mazi Mosley,75,"Prolific Prep (Napa, CA)",SG,92,2025
John Clark,76,"Link Academy (Branson, MO)",C,92,2025
Tylis Jordan,77,"Wheeler (Marietta, GA)",PF,92,2025
Adrien Stevens,78,"The Bullis School (Potomac, MD)",CG,92,2025
Jalen Reece,79,"Oak Ridge (Orlando, FL)",PG,91,2025
Jaylen Harrell,80,"Cambridge Arts, Technology and Science (Braintree, MA)",SF,91,2025
Winters Grady,81,"Prolific Prep (Napa, CA)",SF,91,2025
Nigel Walls,82,"St. Francis Episcopal School (Houston, TX)",PF,91,2025
Ryan Crotty,83,"Miller School (Charlottesville, VA)",SF,91,2025
Samis Calderon,84,"Overtime Elite (Atlanta, GA)",SF,91,2025
Amir Jenkins,85,"Worcester Academy (Worcester, MA)",PG,91,2025
Nigel James Jr.,86,"Long Island Lutheran (Glen Head, NY)",PG,91,2025
Neiko Mundey,87,"Prince George's Christian Academy (Landover, MD)",CG,91,2025
Billy White III,88,"Veterans Memorial (Corpus Christi, TX)",SF,91,2025
Dorian Jones,89,"Richmond Heights (Cleveland, OH)",SG,91,2025
Tee Bartlett,90,"Overtime Elite (Atlanta, GA)",C,91,2025
Jasir Rencher,91,"Archbishop Riordan (San Francisco, CA)",SF,91,2025
Silas Barksdale,92,"Woodside (Newport News, VA)",C,91,2025
Tre Singleton,93,"Jeffersonville (Jeffersonville, IN)",PF,91,2025
Trey Thompson,94,"Greeneville (Greeneville, TN)",PF,91,2025
Dillan Shaw,95,"Heritage Christian (Northridge, CA)",SF,91,2025
Patton Pinkins,96,"Wolfforth Frenship (Wolfforth, TX)",SG,91,2025
Marcus Jackson,97,"Word Of God Christian Academy (Raleigh, NC)",C,91,2025
Azavier Robinson,98,"Lawrence North (Indianapolis, IN)",CG,90,2025
Brandon Lee,99,"The Patrick School (Hillside, NJ)",SG,90,2025
Jacob Furphy,100,"NBA Global Academy (Australia, AUST)",SF,90,2025
Akai Fleming,101,"Overtime Elite (Atlanta, GA)",SG,90,2025
Zymicah Wilkins,102,"Christ School (Arden, NC)",C,90,2025
Chamberlain Burgess,103,"Orem (Orem, UT)",PF,90,2025
Courtland Muldrew,104,"Oak Hill Academy (Mouth Of Wilson, VA)",SG,90,2025
Ryder Frost,105,"Phillips Exeter Academy (Exeter, NH)",SF,90,2025
Michael Phillips II,106,"Grace Christian School (Raleigh, NC)",SF,90,2025
Omari Witherspoon,107,"St. John's College (Washington, DC)",CG,90,2025
Kai Rogers,108,"Overtime Elite (Atlanta, GA)",C,90,2025
Matt Gilhool,109,"William Penn Charter (Philadelphia, PA)",C,90,2025
DeWayne Brown II,110,"Hoover (Hoover, AL)",C,90,2025
Benjamin Ahmed,111,"Putnam Science Academy (Nigeria, NIGE)",C,90,2025
Ian Miletic,112,"Rolling Meadows (Rolling Meadows, IL)",PF,90,2025
Isaiah Sealy,113,"Springdale (Springdale, AR)",SF,90,2025
Mason Blackwood,114,"New Hampton School (New Hampton, NH)",SF,90,2025
Jaion Pitt,115,"Bella Vista Prep (Canada, CANA)",PF,90,2025
Jermaine O'Neal Jr.,116,"Dynamic Prep (Southlake, TX)",SF,90,2025
Christian Gurdak,117,"Gonzaga (Charles Town, WV)",C,90,2025
Deondrea Lindsey,118,"Oak Hill Academy (Mouth Of Wilson, VA)",C,90,2025
Ebuka Okorie,119,"Brewster Academy (Wolfeboro, NH)",PG,90,2025
Sheek Pearson,120,"John Burroughs School (St. Louis, MO)",PF,90,2025
Collins Onyejiaka,121,"The Newman School (Boston, MA)",C,90,2025
Tommy Ahneman,122,"Cretin Derham Hall (Saint Paul, MN)",C,90,2025
Jayden Forsythe,123,"Westtown School (Norristown, PA)",SF,90,2025
Jovani Ruff,124,"Long Beach Poly (Long Beach, CA)",SG,90,2025
Treyvon Maddox,125,"Oak Ridge (Orlando, FL)",SF,90,2025
Zach Kinziger,126,"De Pere (De Pere, WI)",SG,90,2025
Jamarion Davis-Fleming,127,"Canton (Canton, MS)",C,90,2025
Jaylen Petty,128,"Rainier Beach (Seattle, WA)",PG,90,2025
Brady Koehler,129,"Cathedral (Indianapolis, IN)",PF,90,2025
Chris Nwuli,130,"Dynamic Prep (Dallas, TX)",PF,90,2025
Killyan Toure,131,"Brewster Academy (Wolfeboro, NH)",SG,90,2025
Cameren Paul,132,"DeSoto (DeSoto, TX)",SF,90,2025
Josiah Sanders,133,"Colorado Prep (Denver, CO)",CG,90,2025
Luke Fennell,134,"NBL Australia (Australia, AUST)",SG,90,2025
Tae Simmons,135,"Heritage Christian (Northridge, CA)",PF,90,2025
Jalin Holland,136,"Dream City Christian (Glendale, AZ)",SG,90,2025
Lino Mark,137,"Notre Dame (Sherman Oaks, CA)",PG,90,2025
KJ Cochran,138,"Perkiomen School (West Chester, PA)",CG,90,2025
Jeremiah Green,139,"Compass Prep (Denton, TX)",CG,90,2025
Elzie Harrington,140,"St. John Bosco (Bellflower, CA)",SF,90,2025
Michael Simcoe,141,"Sandra Day O'Connor (Glendale, AZ)",PF,90,2025
Tyrin Jones,142,"Layton Christian Academy (Layton, UT)",PF,90,2025
Xzavion Mitchell,143,"Oshkosh North (Oshkosh, WI)",PF,90,2025
Jack McCaffery,144,"Iowa City West (Iowa City, IA)",PF,90,2025
Emmanuel Kanga,145,"Mt. Zion Prep (Gabon, GABO)",C,90,2025
Trent MacLean,146,"SoCal Academy (Castaic, CA)",PF,90,2025
Kruz McClure,147,"DME Academy (SJNA) (Delafield, WI)",SG,90,2025
Isaac Carr,148,"Central Catholic (Portland, OR)",SG,90,2025
Isaiah Medina,149,"Gibbs (St. Petersburg, FL)",C,90,2025
Keaton Wagler,150,"Shawnee Mission Northwest (Shawnee, KS)",SG,90,2025
